 ,Label,Area,Mean,StdDev,Mode,Min,Max,Perim.,Median
1,GFP_D10_Con_P1.tif:0165-0625,4659,120.455,7.988,122,94,147,644.084,120
2,GFP_D10_Con_P1.tif:0436-0340,4507,124.481,7.274,122,102,149,620.831,124
3,GFP_D10_Con_P1.tif:0506-0885,5372,127.388,7.946,127,101,155,645.32,127
4,GFP_D10_Con_P1.tif:Background,152904,115.491,5.855,115,90,142,1658,116
5,GFP_D10_Con_P2.tif:0199-0981,5071,145.833,8.692,145,120,178,610.853,145
6,GFP_D10_Con_P2.tif:0701-0629,4938,139.408,7.93,141,115,165,618.126,139
7,GFP_D10_Con_P2.tif:Background,208000,132.901,6.964,132,86,196,2416,133
8,GFP_D10_Con_P3.tif:0458-0947,5715,135.877,8.377,134,111,169,624.503,135
9,GFP_D10_Con_P3.tif:0610-0393,4407,124.406,7.689,122,99,164,616.144,124
10,GFP_D10_Con_P3.tif:Background,164456,121.727,5.665,121,100,190,1650,122
11,GFP_D10_Con_P4.tif:0555-0736,4859,137.987,6.575,140,112,159,570.155,138
12,GFP_D10_Con_P4.tif:0671-0591,4981,133.73,7.291,135,109,159,632.922,134
13,GFP_D10_Con_P4.tif:Background,111328,124.407,5.78,124,99,181,1352,124
14,GFP_D10_Con_P5.tif:0344-1179,5723,143.214,7.709,143,118,171,734.934,143
15,GFP_D10_Con_P5.tif:0390-0909,4797,151.869,10.172,154,116,186,612.458,152
16,GFP_D10_Con_P5.tif:0844-0685,4932,138.748,6.997,138,116,164,583.019,139
17,GFP_D10_Con_P5.tif:Background,156480,133.113,6.191,134,101,193,1618,133
18,GFP_D10_CR_P1.tif:0580-0492,3406,118.783,6.745,119,97,136,518.419,119
19,GFP_D10_CR_P1.tif:0774-0769,3922,117.065,8.49,117,92,148,576.141,117
20,GFP_D10_CR_P1.tif:Background,64752,103.57,4.578,104,85,125,1024,104
21,GFP_D10_CR_P2.tif:0164-0889,2715,107.406,6.09,105,87,131,410.669,107
22,GFP_D10_CR_P2.tif:0844-1092,3515,103.482,7.706,104,82,141,469.269,103
23,GFP_D10_CR_P2.tif:Background,188034,97.671,4.658,98,75,118,1762,98
24,GFP_D10_CR_P3.tif:0322-1253,3362,115.125,8.624,112,92,148,534.151,115
25,GFP_D10_CR_P3.tif:0783-0569,3523,114.9,6.624,116,94,141,508.582,115
26,GFP_D10_CR_P3.tif:Background,420538,104.609,5.037,104,75,159,2618,105
27,GFP_D10_CR_P3.tif:0881-0061,3003,98.089,6.634,95,80,128,504.764,98
28,GFP_D10_CR_P3.tif:Background,3296,86.208,3.891,85,75,104,270,86
29,GFP_D10_CR_P4.tif:0529-0954,3156,97.121,6.109,96,79,116,495.535,97
30,GFP_D10_CR_P4.tif:0676-0376,3284,88.149,6.14,85,70,109,483.573,88
31,GFP_D10_CR_P4.tif:Background,212790,85.89,4.528,86,66,132,1858,86
32,GFP_D10_CR_P5.tif:0403-0692,3354,118.512,7.548,119,88,141,472.263,119
33,GFP_D10_CR_P5.tif:0645-0455,3512,109.907,7.346,110,87,136,511.25,110
34,GFP_D10_CR_P5.tif:Background,92106,104.657,4.897,104,84,133,1214,105
35,GFP_D10_MET+CR_P1.tif:0682-0363,2955,91.872,5.925,90,74,110,482.551,92
36,GFP_D10_MET+CR_P1.tif:0523-0976,3059,100.79,6.099,100,82,119,502.38,101
37,GFP_D10_MET+CR_P1.tif:Background,119075,89.68,4.235,90,66,128,1416,90
38,GFP_D10_MET+CR_P2_1.tif:0553-0687,2418,96.541,6.737,96,77,125,391.699,97
39,GFP_D10_MET+CR_P2_1.tif:Background,35997,82.467,3.919,82,66,98,764,82
40,GFP_D10_MET+CR_P2_2.tif:0758-0600,2584,90.131,5.677,87,71,107,420.281,90
41,GFP_D10_MET+CR_P2_2.tif:Background,61544,79.87,3.699,80,65,99,1020,80
42,GFP_D10_MET+CR_P3.tif:0236-0787,3167,87.994,5.825,87,69,107,487.169,88
43,GFP_D10_MET+CR_P3.tif:0517-0542,4044,83.315,6.335,81,65,106,563.137,83
44,GFP_D10_MET+CR_P3.tif:0851-0752,3289,82.032,5.463,82,64,100,514.99,82
45,GFP_D10_MET+CR_P3.tif:Background,118976,79.027,4.211,79,60,121,1404,79
46,GFP_D10_MET+CR_P4.tif:0219-0572,2580,74.549,4.127,75,58,87,419.695,75
47,GFP_D10_MET+CR_P4.tif:0361-0741,2934,77.544,4.362,77,65,90,487.33,78
48,GFP_D10_MET+CR_P4.tif:Background,49434,69.969,3.319,70,57,84,890,70
49,GFP_D10_MET+CR_P5_1.tif:0351-0793,2694,89.436,6.42,87,69,111,463.376,89
50,GFP_D10_MET+CR_P5_1.tif:Background,56876,79.295,3.809,80,61,97,954,79
51,GFP_D10_MET+CR_P5_2.tif:0646-0685,2886,91.963,7.292,93,69,115,394.652,92
52,GFP_D10_MET+CR_P5_2.tif:Background,31800,80.524,3.902,81,65,109,724,80
53,GFP_D10_MET+NMN+CR_P1.tif:0429-0384,4054,75.729,6.658,74,58,102,590.035,75
54,GFP_D10_MET+NMN+CR_P1.tif:0481-0798,3684,78.589,6.286,78,57,115,570.559,79
55,GFP_D10_MET+NMN+CR_P1.tif:Background,77585,68.356,3.548,69,54,83,1116,68
56,GFP_D10_MET+NMN+CR_P2.tif:0339-0417,4259,77.195,6.928,72,58,102,656.335,76
57,GFP_D10_MET+NMN+CR_P2.tif:0863-0543,4422,76.009,6.172,73,58,99,585.679,76
58,GFP_D10_MET+NMN+CR_P2.tif:Background,103224,70.982,3.681,71,57,91,1310,71
59,GFP_D10_MET+NMN+CR_P3.tif:0212-0942,5098,72.922,5.731,74,52,92,630.182,73
60,GFP_D10_MET+NMN+CR_P3.tif:0764-0279,3658,68.108,6.633,65,52,96,538.55,67
61,GFP_D10_MET+NMN+CR_P3.tif:0925-0850,4769,71.177,7.271,76,48,100,604.614,71
62,GFP_D10_MET+NMN+CR_P3.tif:Background,314806,62.662,3.624,62,36,106,2386,63
63,GFP_D10_MET+NMN+CR_P4.tif:0169-0690,4600,68.447,6.218,72,51,87,627.12,69
64,GFP_D10_MET+NMN+CR_P4.tif:0222-1037,5136,71.154,6.451,71,53,90,609.697,71
65,GFP_D10_MET+NMN+CR_P4.tif:0811-0323,4187,65.556,5.708,66,48,83,555.97,66
66,GFP_D10_MET+NMN+CR_P4.tif:Background,110160,60.804,3.665,61,41,75,1398,61
67,GFP_D10_MET+NMN+CR_P4.tif:0657-0339,4734,61.773,6.733,62,41,81,662.508,62
68,GFP_D10_MET+NMN+CR_P4.tif:Background,37895,55.943,4.706,54,40,72,816,56
69,GFP_D10_MET+NMN+CR_P5.tif:0376-0308,4619,66.98,4.826,67,50,85,620.91,67
70,GFP_D10_MET+NMN+CR_P5.tif:Background,38078,60.281,3.44,60,46,92,798,60
71,GFP_D10_MET+NMN+CR_P5.tif:0135-0271,4642,61.265,7.296,55,40,83,575.695,61
72,GFP_D10_MET+NMN+CR_P5.tif:0743-1108,5571,68.285,6.731,66,51,90,603.916,68
73,GFP_D10_MET+NMN+CR_P5.tif:Background,65698,61.434,4.038,62,45,75,1042,62
74,GFP_D10_MET+NMN_P1.tif:0808-0376,5345,103.149,6.623,102,85,125,690.609,103
75,GFP_D10_MET+NMN_P1.tif:0546-0893,5193,113.228,6.629,113,92,138,741.92,113
76,GFP_D10_MET+NMN_P1.tif:0698-1253,4544,107.901,6.819,106,85,133,629.313,107
77,GFP_D10_MET+NMN_P1.tif:0176-0968,5007,110.873,7.171,109,88,137,717.478,111
78,GFP_D10_MET+NMN_P1.tif:Background,204960,102.288,6.285,101,77,149,2024,102
79,GFP_D10_MET+NMN_P2.tif:0310-0508,5869,21.358,1.322,22,16,27,713.929,21
80,GFP_D10_MET+NMN_P2.tif:0344-0777,5153,21.856,1.385,22,17,26,659.023,22
81,GFP_D10_MET+NMN_P2.tif:0712-0843,6174,21.352,1.47,21,16,26,776.01,21
82,GFP_D10_MET+NMN_P2.tif:Background,117208,19.869,1.132,20,15,27,1382,20
83,GFP_D10_MET+NMN_P3.tif:0459-0628,8137,91.645,6.098,91,72,114,862.188,91
84,GFP_D10_MET+NMN_P3.tif:0595-0921,4807,92.877,5.969,91,76,117,684.932,93
85,GFP_D10_MET+NMN_P3.tif:Background,33405,88.562,4.361,89,72,131,772,89
86,GFP_D10_MET+NMN_P4.tif:0645-0322,4487,86.293,8.55,84,63,112,584.832,86
87,GFP_D10_MET+NMN_P4.tif:0413-0590,5042,87.84,6.426,86,66,117,732.713,87
88,GFP_D10_MET+NMN_P4.tif:0887-0861,6458,90.878,6.877,93,70,111,778.943,91
89,GFP_D10_MET+NMN_P4.tif:Background,119520,81.12,4.966,81,60,104,1384,81
90,GFP_D10_MET+NMN_P5.tif:0291-0357,5568,97.536,5.163,98,81,114,754.128,98
91,GFP_D10_MET+NMN_P5.tif:0821-0863,5598,99.533,4.942,102,83,117,651.738,100
92,GFP_D10_MET+NMN_P5.tif:Background,221260,94.208,5.807,94,71,132,2078,94
93,GFP_D10_MET_P1.tif:0204-0219,3126,125.078,6.592,128,102,147,584.024,125
94,GFP_D10_MET_P1.tif:0212-0327,3082,129.981,8.375,132,98,172,516.128,130
95,GFP_D10_MET_P1.tif:0275-0809,5228,136.691,8.502,138,113,169,630.8,136
96,GFP_D10_MET_P1.tif:0525-0852,4338,136.728,8.29,136,108,178,644.161,136
97,GFP_D10_MET_P1.tif:0818-0985,4666,132.668,9.032,131,110,163,646.509,132
98,GFP_D10_MET_P1.tif:Background,205896,123.437,5.66,124,94,207,1850,124
99,GFP_D10_MET_P2.tif:0289-0807,5497,121.36,9.353,121,90,158,670.561,122
100,GFP_D10_MET_P2.tif:0757-0801,5795,117.492,7.85,115,94,143,714.568,117
101,GFP_D10_MET_P2.tif:Background,112236,109.292,6.109,109,85,164,1526,109
102,GFP_D10_MET_P3.tif:0297-0276,4460,115.224,7.411,114,91,142,666.27,115
103,GFP_D10_MET_P3.tif:0521-1138,5198,119.31,7.566,118,93,160,672.123,119
104,GFP_D10_MET_P3.tif:0904-1002,5606,115.14,7.597,114,91,147,662.156,115
105,GFP_D10_MET_P3.tif:Background,321300,110.489,6.774,111,84,179,2514,111
106,GFP_D10_MET_P4.tif:0225-0472,4387,118.37,7.006,119,96,141,632.626,118
107,GFP_D10_MET_P4.tif:0605-0577,4337,120.896,6.742,120,102,146,601.786,121
108,GFP_D10_MET_P4.tif:0844-0529,5017,113.874,5.708,113,94,132,675.515,114
109,GFP_D10_MET_P4.tif:0675-0836,4112,118.096,6.954,117,97,142,627.641,117
110,GFP_D10_MET_P4.tif:0607-0972,4294,114.264,9.329,115,87,150,685.235,115
111,GFP_D10_MET_P4.tif:Background,152768,112.28,5.83,112,85,160,1842,112
112,GFP_D10_MET_P5.tif:0740-0199,5293,109.737,7.222,108,86,132,631.959,110
113,GFP_D10_MET_P5.tif:0279-0600,4877,116.5,6.946,116,95,144,720.492,116
114,GFP_D10_MET_P5.tif:0467-0946,3646,125.386,7.422,124,102,154,569.136,125
115,GFP_D10_MET_P5.tif:0556-1095,4710,120.467,6.545,122,94,145,695.039,121
116,GFP_D10_MET_P5.tif:Background,143200,110.489,6.873,112,82,150,1832,111
117,GFP_D10_NMN+CR_P1.tif:0214-0993,4752,61.311,4.856,60,45,79,612.989,61
118,GFP_D10_NMN+CR_P1.tif:Background,29450,53.917,3.062,54,42,67,810,54
119,GFP_D10_NMN+CR_P1.tif:0573-0460,4655,49.789,5.045,47,36,71,631.896,49
120,GFP_D10_NMN+CR_P1.tif:0858-0656,4506,47.811,5.55,43,33,73,634.421,47
121,GFP_D10_NMN+CR_P1.tif:Background,54340,41.913,3.019,42,28,55,1096,42
122,GFP_D10_NMN+CR_P2.tif:0383-0956,3602,83.955,5.085,85,67,103,567.23,84
123,GFP_D10_NMN+CR_P2.tif:0656-0894,4033,78.806,5.575,79,59,98,560.947,79
124,GFP_D10_NMN+CR_P2.tif:0563-1145,4218,77.612,6.233,78,59,98,548.18,77
125,GFP_D10_NMN+CR_P2.tif:Background,34632,71.399,3.88,72,56,94,874,71
126,GFP_D10_NMN+CR_P2.tif:0859-0202,3759,63.243,5.114,63,45,82,572.292,63
127,GFP_D10_NMN+CR_P2.tif:Background,25365,57.34,4.17,57,42,71,724,57
128,GFP_D10_NMN+CR_P3.tif:0271-0924,3409,72.951,5.064,73,57,89,532.38,73
129,GFP_D10_NMN+CR_P3.tif:0655-0475,3729,66.553,5.551,64,50,86,520.625,66
130,GFP_D10_NMN+CR_P3.tif:Background,62846,66.138,3.857,66,51,89,1206,66
131,GFP_D10_NMN+CR_P3.tif:0516-0323,2632,61.943,4.201,63,48,75,423.722,62
132,GFP_D10_NMN+CR_P3.tif:Background,10656,54.571,4.089,53,42,70,289.388,54
133,GFP_D10_NMN+CR_P4.tif:0311-0833,5067,63.469,5.916,60,47,99,640.033,63
134,GFP_D10_NMN+CR_P4.tif:0509-0509,4294,56.15,4.528,54,40,71,572.323,56
135,GFP_D10_NMN+CR_P4.tif:0576-0705,5060,55.727,4.659,54,40,71,619.374,55
136,GFP_D10_NMN+CR_P4.tif:Background,67159,53.695,3.421,54,40,69,1040,54
137,GFP_D10_NMN+CR_P5.tif:0396-0616,4254,50.175,5.053,51,34,71,566.936,50
138,GFP_D10_NMN+CR_P5.tif:0737-0562,4793,56.745,4.998,56,42,73,629.449,57
139,GFP_D10_NMN+CR_P5.tif:Background,109410,47.105,3.483,46,32,95,1462,47
140,GFP_D10_NMN_P1.tif:0457-0269,6348,156.309,9.656,154,122,185,669.144,156
141,GFP_D10_NMN_P1.tif:0775-0363,5671,163.181,9.402,161,130,196,667.459,163
142,GFP_D10_NMN_P1.tif:0528-0628,5848,177.546,11.356,179,138,211,620.733,178
143,GFP_D10_NMN_P1.tif:0701-1218,5756,173.554,13.266,167,135,214,673.815,172
144,GFP_D10_NMN_P1.tif:Background,220500,156.691,8.422,157,108,208,2937.564,157
145,GFP_D10_NMN_P2.tif:0270-0615,5756,163.693,7.269,166,138,191,656.942,164
146,GFP_D10_NMN_P2.tif:0657-0586,4247,161.808,8.953,163,132,190,546.361,162
147,GFP_D10_NMN_P2.tif:Background,105444,152.341,6.476,152,125,187,1448,152
148,GFP_D10_NMN_P3.tif:0237-0706,6085,185.122,9.763,187,149,218,705.641,185
149,GFP_D10_NMN_P3.tif:0702-0462,5585,178.548,9.39,181,145,205,642.106,180
150,GFP_D10_NMN_P3.tif:Background,209160,163.649,7.65,163,133,222,1882,163
151,GFP_D10_NMN_P4.tif:0287-0809,6433,164.905,12.548,163,124,207,657.894,165
152,GFP_D10_NMN_P4.tif:0800-0256,5224,151.019,9.192,150,120,186,573.878,150
153,GFP_D10_NMN_P4.tif:Background,279708,142.945,8.672,141,110,196,2162,143
154,GFP_D10_NMN_P5.tif:0366-0513,4934,145.08,6.859,146,119,166,617.356,145
155,GFP_D10_NMN_P5.tif:0622-0641,4309,150.939,7.909,152,126,173,525.956,151
156,GFP_D10_NMN_P5.tif:Background,49440,138.126,5.776,138,111,160,1166,138
157,GFP_D13_Con_P1.tif:0195-0566,5675,50.171,3.461,51,37,63,616.441,50
158,GFP_D13_Con_P1.tif:0603-0456,5590,49.565,3.632,50,38,61,652.464,50
159,GFP_D13_Con_P1.tif:0906-0961,5625,53.559,4.099,53,42,75,670.951,53
160,GFP_D13_Con_P1.tif:Background,173052,49.738,3.301,50,34,107,1806,50
161,GFP_D13_Con_P2.tif:0208-0650,6851,69.428,4.836,70,53,88,678.106,69
162,GFP_D13_Con_P2.tif:0193-0853,7325,70.987,4.918,70,57,90,716.767,71
163,GFP_D13_Con_P2.tif:0616-0379,5910,70.801,4.336,72,55,85,653.68,71
164,GFP_D13_Con_P2.tif:0930-0495,6393,71.151,4.362,70,57,87,661.717,71
165,GFP_D13_Con_P2.tif:Background,132528,67.796,3.512,67,53,82,1532,68
166,GFP_D13_Con_P3.tif:0319-0404,6619,75.625,4.912,75,57,99,653.883,75
167,GFP_D13_Con_P3.tif:0891-0287,5974,73.839,4.871,73,58,91,604.258,74
168,GFP_D13_Con_P3.tif:0661-1083,4561,79.93,4.469,79,65,96,602.685,80
169,GFP_D13_Con_P3.tif:Background,194892,73.891,4.413,73,57,135,1904,74
170,GFP_D13_Con_P4.tif:0768-0497,5941,68.297,4.362,69,56,87,671.953,68
171,GFP_D13_Con_P4.tif:0400-1072,6255,71.445,5.368,70,52,90,661.542,71
172,GFP_D13_Con_P4.tif:Background,233577,65.949,3.729,66,49,160,2004,66
173,GFP_D13_Con_P5.tif:0310-0331,6616,64.724,4.891,63,49,86,624.136,65
174,GFP_D13_Con_P5.tif:0789-0351,6590,61.92,4.067,62,47,78,625.907,62
175,GFP_D13_Con_P5.tif:0211-0945,6259,68.688,5.281,69,50,85,631.067,69
176,GFP_D13_Con_P5.tif:Background,162720,61.411,4.202,62,43,111,1892,62
177,GFP_D13_CR_P1.tif:0682-0404,3437,23.21,3.451,23,14,41,448.563,23
178,GFP_D13_CR_P1.tif:0556-0813,3646,24.419,3.982,23,15,49,485.107,24
179,GFP_D13_CR_P1.tif:Background,84925,19.692,2.021,20,11,29,1220,20
180,GFP_D13_CR_P2.tif:0378-0578,3047,25.295,3.024,24,16,38,426.964,25
181,GFP_D13_CR_P2.tif:0315-0667,2834,25.247,2.666,26,17,37,456.769,25
182,GFP_D13_CR_P2.tif:0640-0916,2236,25.922,2.822,27,17,36,391.526,26
183,GFP_D13_CR_P2.tif:Background,98280,22.117,2.071,22,13,75,1276,22
184,GFP_D13_CR_P3.tif:0541-0404,2993,21.297,2.934,21,13,35,475.43,21
185,GFP_D13_CR_P3.tif:0807-0943,3310,22.33,3.329,21,13,32,452.547,22
186,GFP_D13_CR_P3.tif:Background,140800,17.654,1.944,18,9,36,1504,18
187,GFP_D13_CR_P4.tif:0439-0655,2419,26.751,3.505,26,17,44,387.913,26
188,GFP_D13_CR_P4.tif:0708-0552,3223,25.62,3.289,25,17,37,472.619,25
189,GFP_D13_CR_P4.tif:Background,45448,22.953,2.117,23,14,34,862,23
190,GFP_D13_CR_P5.tif:0650-0206,2282,24.876,2.974,25,16,37,417.806,25
191,GFP_D13_CR_P5.tif:0229-0827,2586,27.939,3.058,28,19,39,433.438,28
192,GFP_D13_CR_P5.tif:0743-1078,2557,27.047,3.179,27,18,42,419.59,27
193,GFP_D13_CR_P5.tif:Background,284592,22.702,2.185,23,13,111,2134,23
194,GFP_D13_MET+CR_P1_1.tif:0691-0486,3465,25.901,2.968,26,18,44,506.22,26
195,GFP_D13_MET+CR_P1_1.tif:Background,25857,22.16,2.041,22,14,30,644,22
196,GFP_D13_MET+CR_P1_2.tif:0599-0623,2892,29.273,3.187,28,19,46,448.402,29
197,GFP_D13_MET+CR_P1_2.tif:Background,28078,25.745,2.231,26,17,38,758,26
198,GFP_D13_MET+CR_P2_1.tif:0536-0588,2312,24.417,3.156,23,15,39,382.866,24
199,GFP_D13_MET+CR_P2_1.tif:Background,22650,21.083,2.003,21,14,31,754,21
200,GFP_D13_MET+CR_P2_2.tif:0534-0542,2470,24.178,2.909,24,15,37,391.748,24
201,GFP_D13_MET+CR_P2_2.tif:Background,26533,21.598,2.038,21,14,30,652,22
202,GFP_D13_MET+CR_P3.tif:0281-0259,3188,24.663,3.248,25,16,39,505.159,25
203,GFP_D13_MET+CR_P3.tif:0181-1129,3194,26.451,3.397,26,17,42,498.424,26
204,GFP_D13_MET+CR_P3.tif:Background,288417,22.32,2.156,22,13,87,2276,22
205,GFP_D13_MET+CR_P4.tif:0479-0396,3402,24.044,3.606,22,14,39,512.528,24
206,GFP_D13_MET+CR_P4.tif:0861-1003,2275,24.875,2.918,25,16,36,367.451,25
207,GFP_D13_MET+CR_P4.tif:Background,223744,20.528,2.066,20,12,34,1898,21
208,GFP_D13_MET+CR_P5_1.tif:0525-0742,2979,25.145,3.17,25,17,41,455.048,25
209,GFP_D13_MET+CR_P5_1.tif:Background,48280,21.087,2.031,21,13,30,982,21
210,GFP_D13_MET+CR_P5_2.tif:0239-0345,2220,16.041,2.72,15,7,27,375.183,16
211,GFP_D13_MET+CR_P5_2.tif:Background,13440,12.638,1.678,13,7,20,488,13
212,GFP_D13_MET+NMN+CR_P1.tif:0631-0639,3473,18.052,2.252,18,11,30,482.933,18
213,GFP_D13_MET+NMN+CR_P1.tif:0559-0776,2792,18.253,2.131,18,11,25,438.332,18
214,GFP_D13_MET+NMN+CR_P1.tif:Background,36924,16.403,1.846,16,10,55,928,16
215,GFP_D13_MET+NMN+CR_P2_1.tif:0620-0632,5655,22.354,3.793,21,14,38,683.76,22
216,GFP_D13_MET+NMN+CR_P2_1.tif:Background,46494,18.262,1.917,18,11,26,990,18
217,GFP_D13_MET+NMN+CR_P2_2.tif:0596-0779,4645,23.797,3.333,23,13,37,620.255,24
218,GFP_D13_MET+NMN+CR_P2_2.tif:Background,37300,20.433,2.037,20,14,49,946,20
219,GFP_D13_MET+NMN+CR_P3.tif:0229-0849,4430,25.804,3.817,23,15,44,592.049,25
220,GFP_D13_MET+NMN+CR_P3.tif:0773-0302,4052,22.595,3.151,22,14,34,594.075,22
221,GFP_D13_MET+NMN+CR_P3.tif:0885-0864,4677,24.256,3.689,23,14,50,646.292,24
222,GFP_D13_MET+NMN+CR_P3.tif:Background,236472,20.409,2.077,20,11,86,1946,20
223,GFP_D13_MET+NMN+CR_P4.tif:0543-0461,4005,23.026,3.883,21,13,39,571.171,23
224,GFP_D13_MET+NMN+CR_P4.tif:0563-1082,5139,23.108,3.462,22,13,36,615.597,23
225,GFP_D13_MET+NMN+CR_P4.tif:Background,126900,19.527,2.09,19,11,88,1770,19
226,GFP_D13_MET+NMN+CR_P5.tif:0369-0717,3225,37.069,3.691,36,26,51,512.012,37
227,GFP_D13_MET+NMN+CR_P5.tif:0521-0640,3665,37.074,3.816,35,24,51,523.664,37
228,GFP_D13_MET+NMN+CR_P5.tif:Background,31255,33.658,2.403,34,24,76,736,34
229,GFP_D13_MET+NMN_P1.tif:0245-0757,6859,90.619,5.495,90,72,113,703.908,90
230,GFP_D13_MET+NMN_P1.tif:0345-0989,5814,92.805,5.32,91,78,111,602.883,93
231,GFP_D13_MET+NMN_P1.tif:Background,32072,89.195,4.276,89,72,106,726,89
232,GFP_D13_MET+NMN_P1.tif:0829-0262,4087,72.732,5.665,71,59,95,612.705,72
233,GFP_D13_MET+NMN_P1.tif:Background,19840,70.456,3.483,71,57,86,566,70
234,GFP_D13_MET+NMN_P1.tif:0831-0615,4825,82.025,5.561,83,65,104,623.292,82
235,GFP_D13_MET+NMN_P1.tif:0876-0725,6011,80.492,4.955,80,64,96,633.355,80
236,GFP_D13_MET+NMN_P1.tif:Background,26880,78.615,4.061,78,62,99,722,79
237,GFP_D13_MET+NMN_P2.tif:0436-0377,4524,86.298,5.154,86,69,105,650.903,86
238,GFP_D13_MET+NMN_P2.tif:0479-0376,4534,85.922,5.527,88,67,102,626.192,86
239,GFP_D13_MET+NMN_P2.tif:0435-0935,6172,86.59,5.978,85,67,110,731.221,86
240,GFP_D13_MET+NMN_P2.tif:0742-0713,4473,88.006,5.019,88,70,105,577.614,88
241,GFP_D13_MET+NMN_P2.tif:0782-0719,6061,87.365,5.054,89,71,105,612.462,87
242,GFP_D13_MET+NMN_P2.tif:Background,109480,82.79,3.822,83,68,125,1324,83
243,GFP_D13_MET+NMN_P3.tif:0317-0846,6835,96.052,5.649,97,77,115,735.619,96
244,GFP_D13_MET+NMN_P3.tif:0757-0449,5731,84.563,5.045,84,68,106,658.716,84
245,GFP_D13_MET+NMN_P3.tif:0709-0700,5206,92.275,5.38,92,76,114,588.921,92
246,GFP_D13_MET+NMN_P3.tif:Background,78200,87.482,4.283,87,70,104,1182,87
247,GFP_D13_MET+NMN_P4.tif:0548-0272,5318,80.474,4.994,81,65,100,622.14,80
248,GFP_D13_MET+NMN_P4.tif:0529-0849,6035,81.452,5.36,81,66,101,656.503,81
249,GFP_D13_MET+NMN_P4.tif:Background,58032,76.991,3.834,76,61,93,1184,77
250,GFP_D13_MET+NMN_P4.tif:0653-1161,4560,73.835,6.374,74,58,94,572.946,74
251,GFP_D13_MET+NMN_P4.tif:Background,13568,68.03,4.146,68,55,83,468,68
252,GFP_D13_MET+NMN_P5.tif:0268-0671,6109,80.02,5.515,81,61,101,660.978,80
253,GFP_D13_MET+NMN_P5.tif:0396-0918,5802,82.393,5.819,83,62,99,653.028,82
254,GFP_D13_MET+NMN_P5.tif:0764-0501,5593,71.356,4.846,73,52,89,653.681,71
255,GFP_D13_MET+NMN_P5.tif:Background,110352,70.605,4.114,71,52,102,1334,71
256,GFP_D13_MET_P1.tif:0427-0537,5712,81.16,4.891,82,65,107,651.013,81
257,GFP_D13_MET_P1.tif:0725-0841,5493,84.001,4.932,83,68,101,604.399,84
258,GFP_D13_MET_P1.tif:Background,110745,79.921,4.1,80,60,141,1332,80
259,GFP_D13_MET_P2.tif:0551-0526,5284,89.463,5.431,89,73,116,642.209,89
260,GFP_D13_MET_P2.tif:0630-0770,6032,89.715,5.449,90,68,107,661.417,90
261,GFP_D13_MET_P2.tif:Background,54858,81.577,4.218,82,63,100,938,82
262,GFP_D13_MET_P3.tif:0547-0760,5420,76.93,5.379,76,58,98,665.523,77
263,GFP_D13_MET_P3.tif:0586-0731,5003,75.595,4.876,75,59,94,630.278,75
264,GFP_D13_MET_P3.tif:Background,29326,70.86,3.754,70,58,87,854,71
265,GFP_D13_MET_P4.tif:0569-0266,6983,68.024,4.543,66,54,88,727.156,68
266,GFP_D13_MET_P4.tif:0724-0777,6913,71.825,5.101,71,52,89,728.736,72
267,GFP_D13_MET_P4.tif:0436-1099,4978,70.376,4.822,69,54,86,619.237,70
268,GFP_D13_MET_P4.tif:Background,153888,66.685,3.833,66,50,153,1802,67
269,GFP_D13_MET_P5.tif:0397-0550,5926,68.123,4.694,68,53,87,665.907,68
270,GFP_D13_MET_P5.tif:0627-0554,5878,67.667,4.884,66,54,88,647.39,67
271,GFP_D13_MET_P5.tif:0611-0632,5965,67.853,4.692,69,54,88,698.645,68
272,GFP_D13_MET_P5.tif:0810-0684,4874,67.659,4.492,67,53,84,617.799,67
273,GFP_D13_MET_P5.tif:Background,134418,63.611,4.299,64,47,95,3114.68,63
274,GFP_D13_NMN+CR_P1.tif:0501-0612,3867,28.317,3.376,29,18,40,579.649,28
275,GFP_D13_NMN+CR_P1.tif:0553-0757,5370,27.529,3.408,25,18,39,662.885,27
276,GFP_D13_NMN+CR_P1.tif:Background,31862,24.126,2.172,24,16,61,714,24
277,GFP_D13_NMN+CR_P2.tif:0669-0353,4006,24.88,3.797,23,14,42,527.815,24
278,GFP_D13_NMN+CR_P2.tif:0559-1072,4153,25.783,3.618,25,15,39,573.055,25
279,GFP_D13_NMN+CR_P2.tif:Background,146700,21.934,2.176,22,13,66,2126,22
280,GFP_D13_NMN+CR_P3.tif:0291-0258,3269,22.632,3.846,23,13,37,494.44,23
281,GFP_D13_NMN+CR_P3.tif:0826-1011,3774,23.376,3.33,24,14,39,548.029,23
282,GFP_D13_NMN+CR_P3.tif:Background,520730,18.23,2.207,18,8,73,2934,18
283,GFP_D13_NMN+CR_P4.tif:0566-0348,4683,20.768,3.442,20,12,38,618.499,20
284,GFP_D13_NMN+CR_P4.tif:0626-0714,4146,21.885,3.093,22,13,34,598.051,22
285,GFP_D13_NMN+CR_P4.tif:0661-0855,3677,22.079,3.171,22,13,36,561.33,22
286,GFP_D13_NMN+CR_P4.tif:0842-0670,4347,21.091,2.679,20,13,35,596.568,21
287,GFP_D13_NMN+CR_P4.tif:Background,68000,18.202,1.943,18,10,27,1044,18
288,GFP_D13_NMN+CR_P5.tif:0260-0353,4547,16.09,3.101,15,8,29,598.238,16
289,GFP_D13_NMN+CR_P5.tif:0486-0661,3952,16.884,3.479,15,8,36,575.438,16
290,GFP_D13_NMN+CR_P5.tif:0790-0977,3774,17.136,3.661,14,7,36,583.648,17
291,GFP_D13_NMN+CR_P5.tif:Background,77910,13.055,1.708,13,6,24,1118,13
292,GFP_D13_NMN_P1.tif:0199-0803,6141,102.225,5.928,104,83,123,693.275,102
293,GFP_D13_NMN_P1.tif:0398-0693,6061,101.552,5.675,100,83,121,695.255,101
294,GFP_D13_NMN_P1.tif:0424-0475,5399,98.665,5.738,97,81,119,724.208,99
295,GFP_D13_NMN_P1.tif:0949-0604,4991,96.062,5.594,98,79,118,660.677,96
296,GFP_D13_NMN_P1.tif:0800-0842,5427,97.979,5.285,98,78,114,627.503,98
297,GFP_D13_NMN_P1.tif:Background,117458,93.795,4.937,93,73,117,1398,94
298,GFP_D13_NMN_P2.tif:0418-0294,6017,99.345,6.01,101,80,120,657.77,99
299,GFP_D13_NMN_P2.tif:0766-0384,4418,99.827,5.445,101,81,117,611.576,100
300,GFP_D13_NMN_P2.tif:0301-0845,7084,107.256,6.667,106,83,131,817.945,107
301,GFP_D13_NMN_P2.tif:0820-0953,4831,107.684,7.398,109,85,135,650.923,107
302,GFP_D13_NMN_P2.tif:Background,159357,98.115,5.052,98,74,153,1604,98
303,GFP_D13_NMN_P3.tif:0285-0560,6435,75.548,4.447,76,58,91,670.099,76
304,GFP_D13_NMN_P3.tif:0843-0870,5806,70.824,5.316,72,53,89,625.014,71
305,GFP_D13_NMN_P3.tif:Background,142127,69.9,4.842,69,52,101,1536,70
306,GFP_D13_NMN_P4.tif:0182-0213,5419,75.727,4.612,76,59,91,696.624,76
307,GFP_D13_NMN_P4.tif:0916-0327,4907,80.736,5.085,81,64,98,610.094,81
308,GFP_D13_NMN_P4.tif:0597-0994,5096,91.07,5.041,90,75,110,658.714,91
309,GFP_D13_NMN_P4.tif:0385-1276,6226,88.61,6.916,87,70,112,674.497,88
310,GFP_D13_NMN_P4.tif:Background,356643,79.232,5.414,79,55,171,2392,79
311,GFP_D13_NMN_P5.tif:0189-0958,5418,74.774,5.224,73,59,95,635.337,74
312,GFP_D13_NMN_P5.tif:0768-0451,3717,78.497,4.907,79,63,97,594.434,78
313,GFP_D13_NMN_P5.tif:0846-0509,3950,78.915,4.332,78,65,94,555.327,79
314,GFP_D13_NMN_P5.tif:0771-0611,4816,77.698,4.524,76,64,98,601.841,77
315,GFP_D13_NMN_P5.tif:Background,146692,75.206,3.776,75,56,134,1534,75
316,GFP_D17_Con_P1.tif:0432-0479,4361,82.462,5.915,81,65,110,565.083,82
317,GFP_D17_Con_P1.tif:0587-0649,5535,88.018,5.764,88,70,112,628.775,88
318,GFP_D17_Con_P1.tif:0789-0654,4806,84.381,5.504,83,68,105,618.002,84
319,GFP_D17_Con_P1.tif:Background,23664,77.834,4.103,79,62,92,668,78
320,GFP_D17_Con_P2.tif:0634-0693,5080,88.062,4.646,87,74,105,709.576,88
321,GFP_D17_Con_P2.tif:0501-0840,6121,89.908,4.682,89,73,108,696.408,90
322,GFP_D17_Con_P2.tif:Background,19581,84.692,3.747,84,70,98,580,85
323,GFP_D17_Con_P3.tif:0201-0520,5377,87.874,5.272,88,71,105,654.262,88
324,GFP_D17_Con_P3.tif:0739-0783,5410,91.152,5.683,90,71,118,674.735,91
325,GFP_D17_Con_P3.tif:Background,98112,88.386,4.478,88,71,154,1324,88
326,GFP_D17_Con_P4.tif:0520-0493,4345,68.382,4.92,68,53,87,611.431,68
327,GFP_D17_Con_P4.tif:0420-0946,5754,71.639,6.101,73,52,91,721.083,72
328,GFP_D17_Con_P4.tif:0476-0921,4182,70.35,5.981,68,53,95,576.61,69
329,GFP_D17_Con_P4.tif:0473-0931,2244,73.136,4.648,74,59,90,454.78,73
330,GFP_D17_Con_P4.tif:Background,43355,65.725,3.619,66,51,85,888,66
331,GFP_D17_Con_P5.tif:0149-0502,5898,71.183,3.896,72,58,85,624.952,71
332,GFP_D17_Con_P5.tif:0441-0718,4761,76.859,3.991,76,64,123,583.908,77
333,GFP_D17_Con_P5.tif:0647-0609,3851,75.336,4.534,73,63,92,552.736,75
334,GFP_D17_Con_P5.tif:0839-0759,2610,72.81,4.223,71,59,88,420.248,73
335,GFP_D17_Con_P5.tif:Background,33282,69.499,3.726,69,55,84,774,69
336,GFP_D17_CR_P1.tif:0216-0283,2416,27.759,3.361,28,17,38,409.073,28
337,GFP_D17_CR_P1.tif:0498-0763,2793,28.782,3.49,30,20,45,483.08,29
338,GFP_D17_CR_P1.tif:0851-0772,2100,28.311,2.9,29,19,37,358.243,28
339,GFP_D17_CR_P1.tif:0691-0987,2896,28.936,3.629,28,17,45,468.095,29
340,GFP_D17_CR_P1.tif:0563-1055,2510,29.355,3.793,28,18,42,372.972,29
341,GFP_D17_CR_P1.tif:Background,227530,22.8,2.207,23,13,102,1966,23
342,GFP_D17_CR_P2.tif:0736-0218,2422,24.601,3.106,25,14,36,437.229,25
343,GFP_D17_CR_P2.tif:Background,18447,21.175,2.032,21,14,29,544,21
344,GFP_D17_CR_P2.tif:0420-0609,1806,29.002,3.457,29,18,41,384.3,29
345,GFP_D17_CR_P2.tif:0364-1138,1893,32.126,4.719,32,19,47,219.73,32
346,GFP_D17_CR_P2.tif:Background,44088,23.718,2.144,23,15,33,1178,24
347,GFP_D17_CR_P3.tif:0386-0354,3087,22.084,3.402,21,12,35,477.256,22
348,GFP_D17_CR_P3.tif:0652-0381,3043,21.431,3.206,20,13,37,440.346,21
349,GFP_D17_CR_P3.tif:0151-1030,3270,25.392,4.02,25,15,40,436.907,25
350,GFP_D17_CR_P3.tif:0699-1060,1927,25.724,3.276,25,16,40,343.337,26
351,GFP_D17_CR_P3.tif:Background,194094,19.27,2.093,19,9,56,1790,19
352,GFP_D17_CR_P4_1.tif:0567-0689,1347,15.403,2.094,15,10,27,304.992,15
353,GFP_D17_CR_P4_1.tif:Background,6536,14.255,1.729,14,8,21,324,14
354,GFP_D17_CR_P4_2.tif:0452-0647,2361,23.053,3.54,23,12,40,372.879,23
355,GFP_D17_CR_P4_2.tif:Background,7080,17.761,1.9,18,11,26,358,18
356,GFP_D17_CR_P5.tif:0210-0394,2203,23.746,2.971,25,15,35,417.231,24
357,GFP_D17_CR_P5.tif:0562-0801,2646,23.706,3.089,23,16,37,417.277,23
358,GFP_D17_CR_P5.tif:0740-0908,2148,26.338,3.693,27,15,40,386.923,26
359,GFP_D17_CR_P5.tif:Background,184992,19.658,2.02,19,11,31,1784,20
360,GFP_D17_MET+CR_P1.tif:0971-0139,2087,22.258,3.184,23,14,33,362.272,22
361,GFP_D17_MET+CR_P1.tif:0692-0446,3235,24.553,4.882,21,15,41,490.787,23
362,GFP_D17_MET+CR_P1.tif:0146-1025,3416,23.976,3.613,25,13,37,495.049,24
363,GFP_D17_MET+CR_P1.tif:Background,262251,19.49,2.138,19,10,87,2360,19
364,GFP_D17_MET+CR_P2_1.tif:0520-0715,2400,27.215,3.1,28,18,40,371.204,27
365,GFP_D17_MET+CR_P2_1.tif:Background,20516,22.961,2.089,23,15,32,630,23
366,GFP_D17_MET+CR_P2_2.tif:0599-0562,1324,26.082,3.597,25,17,38,310.992,26
367,GFP_D17_MET+CR_P2_2.tif:Background,4047,21.265,2.057,21,15,28,256,21
368,GFP_D17_MET+CR_P3.tif:0455-0524,2807,19.226,3.604,16,10,33,460.796,19
369,GFP_D17_MET+CR_P3.tif:0652-0685,2325,19.032,3.296,18,8,35,430.203,19
370,GFP_D17_MET+CR_P3.tif:Background,26600,14.888,1.812,15,8,23,660,15
371,GFP_D17_MET+CR_P4.tif:0697-0262,2681,20.251,2.64,20,12,29,417.086,20
372,GFP_D17_MET+CR_P4.tif:0390-1107,2358,22.223,2.549,22,14,31,396.635,22
373,GFP_D17_MET+CR_P4.tif:Background,206322,17.799,2.111,18,9,87,2054,18
374,GFP_D17_MET+NMN+CR_P2.tif:0402-0484,3843,19.424,4.377,19,8,45,555.172,19
375,GFP_D17_MET+NMN+CR_P2.tif:0643-0939,3594,16.479,3.025,15,8,32,538.864,16
376,GFP_D17_MET+NMN+CR_P2.tif:Background,97470,13.344,1.768,13,6,46,1254,13
377,GFP_D17_MET+NMN+CR_P3.tif:0830-0305,4064,16.855,5.918,13,5,48,558.168,15
378,GFP_D17_MET+NMN+CR_P3.tif:0641-0263,3893,15.712,3.312,16,7,27,554.858,16
379,GFP_D17_MET+NMN+CR_P3.tif:0326-0623,4219,15.225,2.939,14,8,27,557.805,15
380,GFP_D17_MET+NMN+CR_P3.tif:0286-1050,5063,15.551,3.385,14,8,27,625.837,15
381,GFP_D17_MET+NMN+CR_P3.tif:0533-1120,6226,16.404,3.541,15,7,30,649.481,16
382,GFP_D17_MET+NMN+CR_P3.tif:Background,225028,11.988,1.739,12,4,31,1922,12
383,GFP_D17_MET+NMN+CR_P4.tif:0132-0498,5190,20.122,3.959,18,10,38,621.662,19
384,GFP_D17_MET+NMN+CR_P4.tif:0845-0746,4997,18.848,3.33,17,8,32,607.177,18
385,GFP_D17_MET+NMN+CR_P4.tif:Background,166175,15.413,1.843,15,8,25,1728,15
386,GFP_D17_MET+NMN+CR_P5.tif:0293-0195,2938,13.939,2.953,13,6,26,532.484,14
387,GFP_D17_MET+NMN+CR_P5.tif:0351-0258,255,14.102,2.301,15,7,20,151.566,14
388,GFP_D17_MET+NMN+CR_P5.tif:0428-0342,2302,15.713,3.465,18,7,26,374.026,16
389,GFP_D17_MET+NMN+CR_P5.tif:0351-0267,1638,16.371,3.445,15,7,28,292.808,16
390,GFP_D17_MET+NMN+CR_P5.tif:0243-0209,986,13.209,2.325,13,7,21,239.106,13
391,GFP_D17_MET+NMN+CR_P5.tif:0354-0297,2452,16.897,3.087,17,9,28,424.366,17
392,GFP_D17_MET+NMN+CR_P5.tif:0442-0435,2910,15.137,3.739,14,7,30,450.362,15
393,GFP_D17_MET+NMN+CR_P5.tif:0420-0430,1424,14.65,3.093,14,7,24,342.271,14
394,GFP_D17_MET+NMN+CR_P5.tif:0343-0363,655,14.043,2.747,13,8,23,119.963,13
395,GFP_D17_MET+NMN+CR_P5.tif:0220-0226,2879,14.228,3.474,13,6,30,388.954,14
396,GFP_D17_MET+NMN+CR_P5.tif:0286-0288,3683,13.668,3.1,12,6,31,426.675,13
397,GFP_D17_MET+NMN+CR_P5.tif:0356-0385,301,12.85,1.936,12,8,18,71.166,13
398,GFP_D17_MET+NMN+CR_P5.tif:0256-0604,3815,13.706,2.564,13,6,24,538.069,14
399,GFP_D17_MET+NMN+CR_P5.tif:0640-1224,4607,13.649,3.136,12,5,29,586.061,13
400,GFP_D17_MET+NMN+CR_P5.tif:Background,194532,10.459,1.697,10,3,19,2584,10
401,GFP_D17_MET+NMN_P1.tif:0536-0325,6066,47.51,3.81,48,36,64,629.971,47
402,GFP_D17_MET+NMN_P1.tif:Background,33579,42.822,2.935,42,32,55,808,43
403,GFP_D17_MET+NMN_P1.tif:0781-1045,6996,55.041,4.557,54,42,75,677.076,55
404,GFP_D17_MET+NMN_P1.tif:Background,16102,50.043,3.035,50,40,101,526,50
405,GFP_D17_MET+NMN_P2.tif:0376-0340,5217,85.431,6.745,85,65,108,619.404,85
406,GFP_D17_MET+NMN_P2.tif:0233-0654,6378,85.886,6.547,84,66,107,745.611,86
407,GFP_D17_MET+NMN_P2.tif:0692-0947,5478,87.588,5.852,85,64,109,610.486,87
408,GFP_D17_MET+NMN_P2.tif:Background,154630,82.57,4.593,82,65,120,1598,82
409,GFP_D17_MET+NMN_P3.tif:0504-1171,6917,87.864,5.416,87,67,112,710.02,88
410,GFP_D17_MET+NMN_P3.tif:Background,31360,83.468,3.707,84,69,98,836,83
411,GFP_D17_MET+NMN_P3.tif:0458-0235,5790,69.828,5.616,69,53,89,643.04,70
412,GFP_D17_MET+NMN_P3.tif:Background,15281,64.619,3.78,65,51,81,636,65
413,GFP_D17_MET+NMN_P4.tif:0480-0390,5193,82.903,5.279,84,66,104,634.282,83
414,GFP_D17_MET+NMN_P4.tif:0325-1111,6271,90.804,5.612,89,72,112,657.452,91
415,GFP_D17_MET+NMN_P4.tif:Background,116622,84.272,4.521,85,65,114,1706,84
416,GFP_D17_MET+NMN_P5.tif:0317-0666,6304,59.623,3.956,60,47,77,643.476,60
417,GFP_D17_MET+NMN_P5.tif:0659-0757,4794,63.205,3.473,63,52,75,597.588,63
418,GFP_D17_MET+NMN_P5.tif:Background,111104,57.37,3.401,58,43,119,1392,57
419,GFP_D17_MET_P1.tif:0259-0601,4710,84.551,5.278,85,68,103,574.896,85
420,GFP_D17_MET_P1.tif:0646-0853,5307,87.97,5.691,86,71,108,609.927,88
421,GFP_D17_MET_P1.tif:Background,201708,79.397,4.773,79,59,169,1798,79
422,GFP_D17_MET_P2.tif:0756-0438,5733,76.543,5.161,75,59,98,668.034,76
423,GFP_D17_MET_P2.tif:0783-0448,5304,78.714,5.456,76,63,101,639.521,78
424,GFP_D17_MET_P2.tif:0482-0528,5927,76.414,3.76,76,63,89,619.01,76
425,GFP_D17_MET_P2.tif:0392-0887,7138,83.102,5.768,83,64,116,760.592,83
426,GFP_D17_MET_P2.tif:Background,73937,75.94,4.196,76,60,96,1596,76
427,GFP_D17_MET_P3_1.tif:0571-0720,7222,78.78,4.961,79,64,97,663.915,79
428,GFP_D17_MET_P3_1.tif:Background,26334,73.557,3.397,74,60,86,690,74
429,GFP_D17_MET_P3_2.tif:0640-0721,5577,73.677,4.807,73,59,90,648.039,73
430,GFP_D17_MET_P3_2.tif:Background,24453,68.027,4.139,68,53,83,692,68
431,GFP_D17_MET_P4.tif:0637-0586,4717,68.36,4.926,68,53,87,591.556,68
432,GFP_D17_MET_P4.tif:0368-0922,6240,69.205,5.432,68,55,98,700.516,69
433,GFP_D17_MET_P4.tif:Background,92016,64.729,4.024,65,48,124,1290,65
434,GFP_D17_MET_P5.tif:0856-0460,4280,54.803,4.153,54,42,76,570.706,55
435,GFP_D17_MET_P5.tif:0560-0407,3879,53.644,4.364,52,43,68,600.245,53
436,GFP_D17_MET_P5.tif:0561-0466,5152,55.33,4.43,55,41,73,644.678,55
437,GFP_D17_MET_P5.tif:0446-0830,5057,63.558,4.016,63,50,82,601.96,63
438,GFP_D17_MET_P5.tif:0245-0801,4803,61.174,4.505,61,46,77,643.802,61
439,GFP_D17_MET_P5.tif:Background,84960,55.281,3.87,56,38,70,1188,55
440,GFP_D17_NMN+CR_P1.tif:0309-0732,4059,23.69,3.969,21,14,42,558.7,23
441,GFP_D17_NMN+CR_P1.tif:0641-0943,4141,24.134,3.832,22,14,43,546.718,24
442,GFP_D17_NMN+CR_P1.tif:Background,61812,19.398,2.055,19,11,59,1016,19
443,GFP_D17_NMN+CR_P2.tif:0230-0353,3851,19.07,3.134,17,10,33,542.876,19
444,GFP_D17_NMN+CR_P2.tif:0561-0374,3747,19.624,3.556,17,11,37,510.088,19
445,GFP_D17_NMN+CR_P2.tif:0218-0983,3836,20.412,3.396,19,12,38,503.261,20
446,GFP_D17_NMN+CR_P2.tif:0698-0971,3430,20.881,3.697,20,11,40,506.853,20
447,GFP_D17_NMN+CR_P2.tif:Background,180268,16.727,1.965,17,8,59,1712,17
448,GFP_D17_NMN+CR_P3.tif:0364-0461,2616,18.444,2.54,19,11,28,439.097,18
449,GFP_D17_NMN+CR_P3.tif:Background,8316,17.656,2.189,18,10,74,466,18
450,GFP_D17_NMN+CR_P3.tif:0621-1017,2838,22.332,2.994,22,13,33,423.206,22
451,GFP_D17_NMN+CR_P3.tif:Background,6213,18.878,1.927,19,13,26,332,19
452,GFP_D17_NMN+CR_P4.tif:0754-0443,5924,18.727,3.619,17,9,35,659.506,18
453,GFP_D17_NMN+CR_P4.tif:0255-0955,3973,23.722,5.121,22,12,51,496.213,23
454,GFP_D17_NMN+CR_P4.tif:Background,28288,16.301,1.896,16,9,24,688,16
455,GFP_D17_NMN+CR_P5_1.tif:0538-0677,3435,18.056,3.42,15,9,32,552.939,18
456,GFP_D17_NMN+CR_P5_1.tif:Background,3552,15.711,2.924,14,8,25,244,15
457,GFP_D17_NMN+CR_P5_2.tif:0631-0636,3657,15.386,3.227,15,7,31,515.517,15
458,GFP_D17_NMN+CR_P5_2.tif:Background,9072,10.93,1.632,11,5,20,386,11
459,GFP_D17_NMN_P1.tif:0285-0405,6691,81.843,4.787,79,67,101,671.333,82
460,GFP_D17_NMN_P1.tif:0601-0952,4824,88.483,5.018,88,72,107,599.272,88
461,GFP_D17_NMN_P1.tif:0622-0994,4692,90.91,4.994,89,75,108,570.857,91
462,GFP_D17_NMN_P1.tif:Background,86978,81.951,4.309,81,66,147,1422,82
463,GFP_D17_NMN_P2.tif:0529-0673,4768,98.017,7.674,95,76,128,625.248,97
464,GFP_D17_NMN_P2.tif:0562-0875,4676,97.274,5.736,98,78,123,597.368,97
465,GFP_D17_NMN_P2.tif:Background,11200,88.45,4.043,88,74,104,478,88
466,GFP_D17_NMN_P3.tif:0358-0417,4558,86.155,5.64,84,70,175,615.715,86
467,GFP_D17_NMN_P3.tif:0802-0921,4906,94.876,6.631,92,74,118,563.313,94
468,GFP_D17_NMN_P3.tif:Background,265584,83.482,4.993,85,62,108,2062,84
469,GFP_D17_NMN_P4.tif:0640-0301,5868,81.193,5.322,81,64,99,633.464,81
470,GFP_D17_NMN_P4.tif:0541-0713,4966,93.648,5.664,93,76,113,613.59,93
471,GFP_D17_NMN_P4.tif:0627-1108,3169,94.937,5.874,93,78,117,452.523,95
472,GFP_D17_NMN_P4.tif:Background,145442,83.947,6.414,86,62,112,2504.271,84
473,GFP_D17_NMN_P5.tif:0132-0644,5072,67.151,3.878,68,54,79,542.778,67
474,GFP_D17_NMN_P5.tif:0896-0636,5853,71.437,3.849,71,58,86,612.012,71
475,GFP_D17_NMN_P5.tif:Background,120120,67.551,3.596,68,51,83,1532,68
476,GFP_D25_Con_P3.tif:0588-0715,4086,43.333,3.333,43,30,58,504.165,43
477,GFP_D25_Con_P3.tif:Background,19380,38.635,2.686,39,28,50,598,39
478,GFP_D25_CR_P3.tif:0425-0836,3209,18.576,4.975,16,7,46,495.746,18
479,GFP_D25_CR_P3.tif:Background,14508,11.787,1.663,12,5,18,528,12
480,GFP_D25_MET+CR_P1.tif:0633-0710,2757,18.534,4.023,17,7,37,418.97,18
481,GFP_D25_MET+CR_P1.tif:Background,15752,12.19,1.687,12,6,20,534,12
482,GFP_D25_MET+NMN+CR_P3.tif:0985-0296,3196,16.099,3.115,15,8,29,473.78,16
483,GFP_D25_MET+NMN+CR_P3.tif:0845-0513,3971,16.372,4.196,13,7,39,578.551,16
484,GFP_D25_MET+NMN+CR_P3.tif:0902-0777,4389,16.497,3.859,14,7,32,604.47,16
485,GFP_D25_MET+NMN+CR_P3.tif:0457-0617,4202,16.725,4.183,15,8,38,584.667,16
486,GFP_D25_MET+NMN+CR_P3.tif:0168-1087,3106,18.329,3.68,18,8,31,507.895,18
487,GFP_D25_MET+NMN+CR_P3.tif:0187-1098,3409,18.27,3.356,18,9,30,543.113,18
488,GFP_D25_MET+NMN+CR_P3.tif:Background,103824,12.614,1.689,13,5,24,1572,13
489,GFP_D25_MET+NMN+CR_P4.tif:0563-0673,5122,16.376,4.815,12,7,34,664.67,15
490,GFP_D25_MET+NMN+CR_P4.tif:Background,35904,11.486,1.66,11,5,21,908,11
491,GFP_D25_MET+NMN+CR_P5.tif:0544-0153,4020,14.927,3.746,13,6,32,541.517,14
492,GFP_D25_MET+NMN+CR_P5.tif:0500-0754,4382,19.317,4.871,17,8,41,574.424,19
493,GFP_D25_MET+NMN+CR_P5.tif:0175-0370,3959,15.392,2.985,15,7,27,578.202,15
494,GFP_D25_MET+NMN+CR_P5.tif:0313-1152,3734,16.224,3.012,16,7,29,573.386,16
495,GFP_D25_MET+NMN+CR_P5.tif:0904-1100,3491,16.867,3.312,16,8,29,514.234,16
496,GFP_D25_MET+NMN+CR_P5.tif:Background,242136,11.327,1.67,11,4,39,1974,11
497,GFP_D25_MET+NMN_P1.tif:0522-0138,4734,45.068,5.283,42,32,91,528.496,44
498,GFP_D25_MET+NMN_P1.tif:0905-0251,5531,45.465,5.402,43,32,77,594.039,45
499,GFP_D25_MET+NMN_P1.tif:Background,82248,39.481,2.799,39,28,52,1148,39
500,GFP_D25_MET_P1.tif:0796-0223,5170,42.936,4.1,42,31,61,636.356,43
501,GFP_D25_MET_P1.tif:0271-0550,4538,44.271,4.268,43,34,61,504.592,44
502,GFP_D25_MET_P1.tif:0463-1215,4457,47.136,5.373,45,33,74,536.554,46
503,GFP_D25_MET_P1.tif:Background,197904,41.796,3.495,42,27,103,2258,42
504,GFP_D25_MET_P2.tif:0974-0127,3495,44.963,4.442,44,32,62,515.443,45
505,GFP_D25_MET_P2.tif:0131-1310,3876,50.45,4.763,49,37,76,485.225,50
506,GFP_D25_MET_P2.tif:Background,215865,42.52,3.51,43,29,148,1876,43
507,GFP_D25_MET_P4.tif:0666-0308,4626,46.663,4.491,46,34,66,497.901,46
508,GFP_D25_MET_P4.tif:0516-1012,5240,49.794,4.649,49,37,72,591.383,49
509,GFP_D25_MET_P4.tif:Background,141960,44.637,3.146,44,31,144,1846,45
510,GFP_D25_NMN+CR_P1.tif:0136-0207,4979,16.378,4.489,13,7,37,646.971,16
511,GFP_D25_NMN+CR_P1.tif:0844-0702,3941,18.225,5.123,15,8,43,558.461,17
512,GFP_D25_NMN+CR_P1.tif:0560-1197,4548,17.587,3.585,17,8,34,591.566,17
513,GFP_D25_NMN+CR_P1.tif:Background,511497,12.226,1.836,12,4,102,3084,12
514,GFP_D25_NMN+CR_P2.tif:0783-0190,2604,16.465,3.658,15,7,31,460.495,16
515,GFP_D25_NMN+CR_P2.tif:0769-0213,2886,16.842,3.462,15,8,28,463.172,17
516,GFP_D25_NMN+CR_P2.tif:0585-0750,2966,17.452,4.298,15,9,38,472.589,17
517,GFP_D25_NMN+CR_P2.tif:0819-1242,2757,16.709,3.329,15,6,32,440.32,16
518,GFP_D25_NMN+CR_P2.tif:0317-0845,3247,17.563,3.771,15,9,34,510.546,17
519,GFP_D25_NMN+CR_P2.tif:Background,335588,11.451,1.729,11,4,97,2328,11
520,GFP_D25_NMN+CR_P4.tif:0467-0679,4332,17.278,5.029,13,8,35,562.519,16
521,GFP_D25_NMN+CR_P4.tif:Background,20720,11.648,1.647,12,5,19,576,12
522,GFP_D25_NMN_P2.tif:0523-0419,4125,48.124,4.311,48,36,70,480.25,48
523,GFP_D25_NMN_P2.tif:0564-1050,7254,49.079,4.706,47,36,78,788.75,49
524,GFP_D25_NMN_P2.tif:Background,73312,44.932,2.839,44,33,57,1244,45
525,GFP_D25_NMN_P3.tif:0533-0663,2756,59.553,4.686,57,45,80,438.866,59
526,GFP_D25_NMN_P3.tif:Background,13908,52.833,2.843,53,41,64,472,53
527,GFP_D25_NMN_P5.tif:0550-0672,4599,54.465,5.659,53,41,87,509.764,54
528,GFP_D25_NMN_P5.tif:Background,25500,49.315,2.774,49,36,60,640,49
529,GFP_D27_CR_P3.tif:0507-0728,3139,18.436,4.022,20,8,36,467.95,19
530,GFP_D27_CR_P3.tif:Background,29848,11.286,1.648,11,5,18,692,11
531,GFP_D27_MET+CR_P1.tif:0476-0686,2719,20.388,5.109,22,8,40,373.649,20
532,GFP_D27_MET+CR_P1.tif:Background,6624,11.953,1.665,12,7,18,328,12
533,GFP_D27_MET+NMN+CR_P3.tif:0351-0358,3697,16.14,3.973,13,8,31,503.704,15
534,GFP_D27_MET+NMN+CR_P3.tif:0617-0914,4448,17.118,3.717,16,7,34,546.484,17
535,GFP_D27_MET+NMN+CR_P3.tif:0699-1094,3545,17.318,3.158,17,8,31,525.708,17
536,GFP_D27_MET+NMN+CR_P3.tif:Background,215124,11.799,1.7,12,4,33,1910,12
537,GFP_D27_MET+NMN+CR_P4.tif:0556-0685,4567,19.042,6.387,15,7,47,613.66,18
538,GFP_D27_MET+NMN+CR_P4.tif:Background,22184,11.46,1.643,11,5,22,612,11
539,GFP_D27_MET+NMN+CR_P5.tif:0484-0226,3484,14.8,2.824,15,7,26,552.075,15
540,GFP_D27_MET+NMN+CR_P5.tif:0622-0860,4053,18.295,4.024,18,7,34,545.185,18
541,GFP_D27_MET+NMN+CR_P5.tif:0337-1085,3073,16.138,2.861,15,8,28,504.323,16
542,GFP_D27_MET+NMN+CR_P5.tif:0799-1134,3870,15.637,3.203,15,7,30,525.607,15
543,GFP_D27_MET+NMN+CR_P5.tif:Background,343650,10.833,1.711,11,3,103,2530,11
544,GFP_D27_MET+NMN_P1.tif:0264-0420,4711,94.673,6.832,96,75,133,603.762,94
545,GFP_D27_MET+NMN_P1.tif:0773-0915,4302,97.813,7.628,96,77,145,533.395,98
546,GFP_D27_MET+NMN_P1.tif:Background,232674,90.308,4.63,90,70,183,2110,90
547,GFP_D27_MET_P1.tif:0487-0588,5069,73.84,5.735,73,57,94,635.784,74
548,GFP_D27_MET_P1.tif:Background,19630,66.645,3.218,66,55,79,734,67
549,GFP_D27_MET_P2.tif:0491-0697,4070,70.902,6.331,70,52,96,589.344,70
550,GFP_D27_MET_P2.tif:Background,16576,64.645,3.177,65,53,76,646,65
551,GFP_D27_NMN+CR_P1_1.tif:0450-0551,3888,17.829,3.851,16,9,38,574.848,17
552,GFP_D27_NMN+CR_P1_1.tif:Background,28884,12.486,1.694,12,6,20,730,12
553,GFP_D27_NMN+CR_P1_2.tif:0451-0690,4165,19.824,3.969,20,8,38,548.671,20
554,GFP_D27_NMN+CR_P1_2.tif:Background,28122,13.269,1.723,13,6,29,734,13
555,GFP_D27_NMN+CR_P2.tif:0702-0368,3234,15.979,3.615,15,7,35,486.383,16
556,GFP_D27_NMN+CR_P2.tif:0273-0632,3894,16.815,4.961,15,8,48,488.167,16
557,GFP_D27_NMN+CR_P2.tif:0488-1139,3443,16.558,4.189,15,8,40,476.745,16
558,GFP_D27_NMN+CR_P2.tif:Background,177384,11.884,1.748,12,5,100,2012,12
559,GFP_D27_NMN+CR_P4.tif:0445-0638,3363,17.497,4.099,15,7,38,487.355,17
560,GFP_D27_NMN+CR_P4.tif:Background,31244,11.931,1.725,12,6,77,720,12
561,GFP_D27_NMN_P5.tif:0539-0702,4601,91.104,6.91,89,72,126,571.792,90
562,GFP_D27_NMN_P5.tif:Background,19584,84.674,3.705,84,69,98,560,85
563,GFP_D29_CR_P3.tif:0512-0663,3273,34.74,5.12,35,21,50,476.785,35
564,GFP_D29_CR_P3.tif:Background,20424,25.414,2.17,25,16,43,628,25
565,GFP_D29_MET+NMN+CR_P3.tif:0313-0331,3932,30.307,5.745,28,18,53,595.883,29
566,GFP_D29_MET+NMN+CR_P3.tif:0853-0481,3737,31.437,5.473,30,18,52,563.004,31
567,GFP_D29_MET+NMN+CR_P3.tif:0732-0990,3819,32.574,5.905,32,18,67,533.321,32
568,GFP_D29_MET+NMN+CR_P3.tif:0209-1116,3713,29.667,4.294,29,18,49,479.253,29
569,GFP_D29_MET+NMN+CR_P3.tif:Background,232960,23.14,2.218,23,14,82,2528,23
570,GFP_D29_MET+NMN+CR_P5.tif:0298-0274,3474,29.255,4.381,27,17,50,595.495,29
571,GFP_D29_MET+NMN+CR_P5.tif:0576-0247,3798,29.755,5.315,29,16,64,578.521,29
572,GFP_D29_MET+NMN+CR_P5.tif:0288-0555,4062,28.578,4.022,28,16,44,544.601,28
573,GFP_D29_MET+NMN+CR_P5.tif:0481-0727,4051,30.229,5.07,28,17,97,555.697,30
574,GFP_D29_MET+NMN+CR_P5.tif:0906-0613,3374,28.721,4.651,27,19,52,489.908,28
575,GFP_D29_MET+NMN+CR_P5.tif:0193-1033,4483,29.402,4.926,28,16,52,579.136,29
576,GFP_D29_MET+NMN+CR_P5.tif:0648-1199,4189,34.967,7.11,34,18,68,544.734,34
577,GFP_D29_MET+NMN+CR_P5.tif:Background,144576,22.235,2.14,22,12,59,2296,22
578,GFP_D29_MET+NMN_P1.tif:0486-0671,4813,80.593,6.128,82,60,108,581.068,80
579,GFP_D29_MET+NMN_P1.tif:Background,21156,72.212,3.255,72,60,84,680,72
580,GFP_D29_MET_P2.tif:0540-0744,5071,67.057,10.013,64,50,181,511.823,65
581,GFP_D29_MET_P2.tif:Background,17444,60.776,3.111,60,49,72,552,61
582,GFP_D29_NMN+CR_P1.tif:0550-0698,4428,29.407,5.042,26,16,54,607.16,29
583,GFP_D29_NMN+CR_P1.tif:Background,39116,22.05,2.096,22,14,32,816,22
584,GFP_D29_NMN+CR_P2.tif:0335-0462,3688,32.595,6.824,30,17,60,590.201,32
585,GFP_D29_NMN+CR_P2.tif:0807-0421,2964,31.957,5.84,31,18,54,414.093,31
586,GFP_D29_NMN+CR_P2.tif:0323-1055,5450,29.302,6.36,26,17,60,602.435,27
587,GFP_D29_NMN+CR_P2.tif:0693-0827,3349,31.744,5.476,31,19,55,517.063,31
588,GFP_D29_NMN+CR_P2.tif:Background,125000,23.035,2.231,23,14,39,1500,23
589,GFP_D29_NMN_P5.tif:0534-0713,3601,83.725,10.49,81,65,138,455.396,81
590,GFP_D29_NMN_P5.tif:Background,24624,72.37,3.542,72,57,86,672,72
591,GFP_D31_MET+NMN+CR_P3.tif:0153-0208,3831,28.354,3.6,28,17,41,564.546,28
592,GFP_D31_MET+NMN+CR_P3.tif:0149-0223,3540,28.358,3.717,29,17,45,501.28,28
593,GFP_D31_MET+NMN+CR_P3.tif:0584-0367,4118,28.185,3.623,27,17,45,495.774,28
594,GFP_D31_MET+NMN+CR_P3.tif:0601-0670,4866,30.515,4.752,30,20,52,607.841,30
595,GFP_D31_MET+NMN+CR_P3.tif:0910-1065,3961,29.655,4.594,29,18,143,518.599,29
596,GFP_D31_MET+NMN+CR_P3.tif:0565-1207,4121,29.85,4.319,29,18,46,559.239,30
597,GFP_D31_MET+NMN+CR_P3.tif:Background,263976,24.159,2.25,24,14,127,2996,24
598,GFP_D31_MET+NMN+CR_P5.tif:0167-0411,4535,26.065,3.543,26,16,40,604.31,26
599,GFP_D31_MET+NMN+CR_P5.tif:0376-0269,4714,25.146,3.667,23,14,39,622.018,25
600,GFP_D31_MET+NMN+CR_P5.tif:0870-0460,3844,25.939,3.726,26,17,44,532.028,26
601,GFP_D31_MET+NMN+CR_P5.tif:0877-1112,4647,30.301,4.895,30,17,53,607.008,30
602,GFP_D31_MET+NMN+CR_P5.tif:Background,112476,21.854,2.164,22,12,55,2390,22
603,GFP_D31_NMN+CR_P1.tif:0515-0672,4254,29.066,4.862,27,17,52,628.423,29
604,GFP_D31_NMN+CR_P1.tif:Background,31356,22.66,2.151,23,15,107,960,23
605,GFP_D31_NMN+CR_P2.tif:0121-0641,3859,30.287,5.056,30,15,54,603.058,30
606,GFP_D31_NMN+CR_P2.tif:0509-0537,2886,27.814,3.767,27,18,43,515.182,27
607,GFP_D31_NMN+CR_P2.tif:0925-0595,2767,26.691,4.25,27,15,43,463.954,26
608,GFP_D31_NMN+CR_P2.tif:0835-0882,3790,27.654,4.824,26,16,50,506.257,27
609,GFP_D31_NMN+CR_P2.tif:Background,125580,22.729,2.223,23,14,97,1744,23
610,GFP_D31_NMN_P5.tif:0569-0651,2789,103.987,8.652,101,82,138,438.335,103
611,GFP_D31_NMN_P5.tif:Background,11102,95.544,4.618,95,78,118,486,95
612,GFP_D33_MET+NMN+CR_P3.tif:0543-0142,3499,17.831,3.439,18,9,32,574.463,18
613,GFP_D33_MET+NMN+CR_P3.tif:0541-0895,3883,19.305,3.779,18,8,35,531.847,19
614,GFP_D33_MET+NMN+CR_P3.tif:0559-1050,4251,18.634,3.807,18,8,35,542.869,18
615,GFP_D33_MET+NMN+CR_P3.tif:0161-0736,4573,19.461,3.846,18,8,35,614.275,19
616,GFP_D33_MET+NMN+CR_P3.tif:0921-1133,3517,18.885,4.245,18,10,39,586.002,18
617,GFP_D33_MET+NMN+CR_P3.tif:Background,209984,12.997,1.742,13,6,29,2088,13
618,GFP_D33_MET+NMN+CR_P5.tif:0539-0293,3699,16.572,3.096,16,7,32,521.266,16
619,GFP_D33_MET+NMN+CR_P5.tif:0383-1122,4142,18.947,3.508,20,10,35,596.997,19
620,GFP_D33_MET+NMN+CR_P5.tif:0655-1030,3581,19.403,3.567,19,9,38,553.946,19
621,GFP_D33_MET+NMN+CR_P5.tif:Background,123623,12.656,1.757,13,6,28,1728,13
622,GFP_D33_NMN+CR_P1.tif:0549-0705,4007,21.547,4.55,20,10,43,589.838,21
623,GFP_D33_NMN+CR_P1.tif:Background,31900,13.842,1.751,14,7,22,782,14
624,GFP_D33_NMN+CR_P2.tif:0463-0522,3817,20.732,4.879,17,9,42,550.201,20
625,GFP_D33_NMN+CR_P2.tif:0623-0820,3066,19.65,3.982,18,9,36,433.569,19
626,GFP_D33_NMN+CR_P2.tif:Background,39861,13.487,1.767,13,5,50,876,13
627,GFP_D33_NMN_P5.tif:0489-0765,4218,41.978,6.392,42,29,76,526.112,41
628,GFP_D33_NMN_P5.tif:Background,26040,35.843,2.479,36,24,46,706,36
629,GFP_D35_MET+NMN+CR_P3.tif:0236-0359,4094,37.754,6.549,37,21,68,603.129,37
630,GFP_D35_MET+NMN+CR_P3.tif:0396-0722,3985,39.307,5.883,36,23,64,498.032,39
631,GFP_D35_MET+NMN+CR_P3.tif:0808-0360,3829,36.253,5.569,35,22,56,512.316,36
632,GFP_D35_MET+NMN+CR_P3.tif:0798-1038,4572,39.25,6.006,40,25,62,599.888,39
633,GFP_D35_MET+NMN+CR_P3.tif:Background,152256,30.125,2.412,30,20,55,2030,30
634,GFP_D35_MET+NMN+CR_P5.tif:0297-0394,4169,31.937,5.01,31,20,52,509.154,31
635,GFP_D35_MET+NMN+CR_P5.tif:0410-0837,4227,36.738,5.773,38,21,64,571.439,37
636,GFP_D35_MET+NMN+CR_P5.tif:Background,95880,26.449,2.262,26,16,37,1682,26
637,GFP_D35_NMN+CR_P2.tif:0397-0689,4219,32.998,5.26,33,20,55,534.636,33
638,GFP_D35_NMN+CR_P2.tif:Background,24990,25.79,2.183,26,18,35,706,26
639,GFP_D37_MET+NMN+CR_P3.tif:0614-0639,3772,14.171,3.073,13,6,27,512.487,14
640,GFP_D37_MET+NMN+CR_P3.tif:0366-0927,4026,15.209,3.605,14,6,34,601.145,15
641,GFP_D37_MET+NMN+CR_P3.tif:Background,88452,10.762,1.659,11,4,79,1416,11
642,GFP_D37_MET+NMN+CR_P5.tif:0523-0692,4586,16.653,3.735,17,7,32,578.718,16
643,GFP_D37_MET+NMN+CR_P5.tif:Background,41273,11.563,1.664,12,3,21,852,12
644,GFP_D6_Con_P1.tif:0660-0525,5081,53.137,4.23,53,37,66,643.437,53
645,GFP_D6_Con_P1.tif:0437-0742,5363,54.684,4.308,55,41,69,705.835,55
646,GFP_D6_Con_P1.tif:Background,70906,46.86,3.028,47,35,121,1070,47
647,GFP_D6_Con_P2.tif:0356-0763,3795,6.96,1.454,7,2,12,554,7
648,GFP_D6_Con_P2.tif:0916-0660,3839,6.566,1.464,6,1,12,547.726,7
649,GFP_D6_Con_P2.tif:Background,105728,6.027,1.435,6,0,51,1392,6
650,GFP_D6_Con_P3.tif:0640-0423,4742,66.001,4.411,66,51,83,629.542,66
651,GFP_D6_Con_P3.tif:0454-0614,6047,68.433,5.036,68,52,84,699.417,69
652,GFP_D6_Con_P3.tif:0575-1213,4419,68.247,4.551,67,53,85,612.951,68
653,GFP_D6_Con_P3.tif:Background,137549,59.401,4.269,59,43,85,1572,59
654,GFP_D6_Con_P4.tif:0282-0312,5931,53.482,4.203,54,40,65,711.328,54
655,GFP_D6_Con_P4.tif:0680-0329,4861,51.39,3.983,53,37,62,628.475,52
656,GFP_D6_Con_P4.tif:Background,54479,46.505,3.103,46,34,59,1008,46
657,GFP_D6_Con_P5.tif:0962-0383,3959,66.458,4.93,66,52,83,586.504,66
658,GFP_D6_Con_P5.tif:0218-0440,5003,70.468,5.642,72,54,88,625.038,71
659,GFP_D6_Con_P5.tif:0376-0586,4901,71.797,5.132,72,54,89,621.563,72
660,GFP_D6_Con_P5.tif:0283-1003,4657,74.418,5.276,76,57,93,630.068,74
661,GFP_D6_Con_P5.tif:0324-1255,4186,70.639,5.163,72,53,87,623.99,71
662,GFP_D6_Con_P5.tif:Background,213072,62.487,3.978,63,46,107,2594,63
663,GFP_D6_CR_P1.tif:0632-0296,2441,7.368,1.567,7,2,13,457.116,7
664,GFP_D6_CR_P1.tif:0633-0741,3473,7.647,1.585,8,1,14,525.28,8
665,GFP_D6_CR_P1.tif:0242-0671,3404,7.715,1.603,8,3,14,527.341,8
666,GFP_D6_CR_P1.tif:0287-0990,3635,7.674,1.546,8,2,14,503.722,8
667,GFP_D6_CR_P1.tif:Background,105938,6.791,1.469,7,1,64,1638,7
668,GFP_D6_CR_P2.tif:0118-0390,3732,27.61,2.994,28,18,37,556.253,28
669,GFP_D6_CR_P2.tif:0595-0302,3706,27.377,3.171,27,17,42,566.5,27
670,GFP_D6_CR_P2.tif:0886-1018,3505,29.089,3.291,28,17,67,559.522,29
671,GFP_D6_CR_P2.tif:Background,191580,24.801,2.195,25,15,39,1856,25
672,GFP_D6_CR_P3.tif:0535-0436,3298,28.828,2.985,29,19,39,523.608,29
673,GFP_D6_CR_P3.tif:0853-0812,2964,29.523,2.994,29,21,41,485.797,29
674,GFP_D6_CR_P3.tif:Background,57517,25.691,2.304,26,16,37,1244,26
675,GFP_D6_CR_P4.tif:0310-0443,3393,6.135,1.506,6,2,12,540.097,6
676,GFP_D6_CR_P4.tif:0936-0684,3333,6.054,1.492,6,1,15,484.026,6
677,GFP_D6_CR_P4.tif:Background,205580,5.357,1.387,5,0,37,1842,5
678,GFP_D6_CR_P5.tif:0423-0371,2756,21.831,2.75,21,14,34,505.934,22
679,GFP_D6_CR_P5.tif:Background,24722,18.75,2.12,18,11,80,714,19
680,GFP_D6_CR_P5.tif:0635-0580,2734,23.34,3.162,22,14,39,446.706,23
681,GFP_D6_CR_P5.tif:0344-1105,3780,23.341,2.744,23,15,33,521.561,23
682,GFP_D6_CR_P5.tif:Background,122615,20.489,1.991,20,12,31,1728,20
683,GFP_D6_MET+CR_P1.tif:0269-0380,3310,25.575,2.954,26,16,38,501.553,26
684,GFP_D6_MET+CR_P1.tif:0791-0984,2982,24.598,3.007,24,17,37,520.476,24
685,GFP_D6_MET+CR_P1.tif:Background,362208,21.481,2.111,21,11,80,2422,21
686,GFP_D6_MET+CR_P2.tif:0641-0335,2409,28.914,3.085,29,20,41,408.174,29
687,GFP_D6_MET+CR_P2.tif:0411-0694,2244,29.258,2.746,30,19,41,427.932,29
688,GFP_D6_MET+CR_P2.tif:0600-0963,2635,30.939,3.487,30,21,44,408.289,31
689,GFP_D6_MET+CR_P2.tif:Background,112575,26.459,2.253,26,17,43,1424,26
690,GFP_D6_MET+CR_P3.tif:0544-0544,3270,23.087,2.753,22,16,32,498.785,23
691,GFP_D6_MET+CR_P3.tif:0512-0829,3482,24.423,3.322,24,15,42,595.31,24
692,GFP_D6_MET+CR_P3.tif:Background,56994,20.416,2.03,20,13,30,1102,20
693,GFP_D6_MET+CR_P4.tif:0268-0170,3731,21.261,2.699,21,14,32,560.56,21
694,GFP_D6_MET+CR_P4.tif:0806-0878,3329,21.868,2.857,21,14,33,528.948,22
695,GFP_D6_MET+CR_P4.tif:Background,232596,18.542,2.034,19,10,30,2206,19
696,GFP_D6_MET+CR_P5.tif:0383-0547,2559,22.355,3.13,21,13,33,416.584,22
697,GFP_D6_MET+CR_P5.tif:0718-0710,2728,21.532,2.744,21,14,35,466.882,21
698,GFP_D6_MET+CR_P5.tif:Background,89096,19.376,2.008,19,12,47,1206,19
699,GFP_D6_MET+NMN+CR_P1.tif:0375-0410,3829,23.203,2.784,22,15,36,597.312,23
700,GFP_D6_MET+NMN+CR_P1.tif:0194-0714,4430,23.623,2.577,24,14,32,620.94,24
701,GFP_D6_MET+NMN+CR_P1.tif:Background,77760,20.282,2.051,20,12,73,1284,20
702,GFP_D6_MET+NMN+CR_P1.tif:0787-0827,3609,22.52,2.764,22,13,35,564.137,22
703,GFP_D6_MET+NMN+CR_P1.tif:Background,19040,18.787,1.912,19,11,27,636,19
704,GFP_D6_MET+NMN+CR_P2.tif:0658-0298,4783,23.845,2.679,24,14,33,635.291,24
705,GFP_D6_MET+NMN+CR_P2.tif:0702-0976,4821,26.149,2.994,27,16,39,623.006,26
706,GFP_D6_MET+NMN+CR_P2.tif:0288-0494,3850,24.724,2.726,25,16,35,588.865,25
707,GFP_D6_MET+NMN+CR_P2.tif:0177-0546,4590,23.815,3.154,22,14,35,668.644,24
708,GFP_D6_MET+NMN+CR_P2.tif:Background,166632,21.84,2.298,22,13,50,1684,22
709,GFP_D6_MET+NMN+CR_P3.tif:0671-0484,5260,19.121,2.59,19,10,29,685.859,19
710,GFP_D6_MET+NMN+CR_P3.tif:0554-0665,4320,22.733,19.042,19,11,255,636.849,21
711,GFP_D6_MET+NMN+CR_P3.tif:Background,49046,16.384,1.821,16,10,28,906,16
712,GFP_D6_MET+NMN+CR_P4.tif:0558-0092,4721,20.168,2.63,20,12,29,631.177,20
713,GFP_D6_MET+NMN+CR_P4.tif:0369-0438,4372,21.769,2.815,21,12,79,613.337,22
714,GFP_D6_MET+NMN+CR_P4.tif:0689-1023,5357,20.675,2.614,21,13,31,629.24,21
715,GFP_D6_MET+NMN+CR_P4.tif:Background,165480,18.129,2.008,18,9,37,1996,18
716,GFP_D6_MET+NMN+CR_P5.tif:0212-0366,5171,17.357,3.684,20,7,28,678.151,17
717,GFP_D6_MET+NMN+CR_P5.tif:Background,24192,13.168,1.699,13,6,20,664,13
718,GFP_D6_MET+NMN+CR_P5.tif:0831-0996,3944,18.025,3.894,20,6,31,578.07,18
719,GFP_D6_MET+NMN+CR_P5.tif:Background,13254,11.581,1.638,12,6,23,470,12
720,GFP_D6_MET+NMN_P1.tif:0843-0339,5967,93.834,6.334,96,74,112,709.927,94
721,GFP_D6_MET+NMN_P1.tif:0314-1038,5152,94.034,6.214,94,70,114,656.84,94
722,GFP_D6_MET+NMN_P1.tif:Background,639350,84.738,5.878,86,58,139,3246,85
723,GFP_D6_MET+NMN_P2.tif:0675-0410,5932,89.897,5.308,90,72,107,764.241,90
724,GFP_D6_MET+NMN_P2.tif:0341-0791,4348,94.669,5.572,96,74,113,628.446,95
725,GFP_D6_MET+NMN_P2.tif:Background,168730,82.55,4.31,83,65,136,1658,82
726,GFP_D6_MET+NMN_P3.tif:0760-0565,5127,90.962,5.572,90,72,111,655.484,91
727,GFP_D6_MET+NMN_P3.tif:0415-0810,5801,96.234,5.376,97,76,126,684.292,96
728,GFP_D6_MET+NMN_P3.tif:Background,94710,85.657,4.043,86,56,102,1262,86
729,GFP_D6_MET+NMN_P4.tif:0838-0540,5046,91.777,5.299,92,73,110,653.149,92
730,GFP_D6_MET+NMN_P4.tif:0389-0771,5306,95.078,6.229,98,74,113,648.954,96
731,GFP_D6_MET+NMN_P4.tif:Background,108108,84.413,4.098,84,66,102,1398,84
732,GFP_D6_MET+NMN_P5.tif:0328-0306,5094,64.405,4.12,65,51,78,688.866,65
733,GFP_D6_MET+NMN_P5.tif:Background,20736,58.506,3.693,59,45,125,720,59
734,GFP_D6_MET+NMN_P5.tif:0738-0806,4981,60.506,4.525,59,42,76,667.172,61
735,GFP_D6_MET+NMN_P5.tif:Background,34187,55.306,3.122,55,44,68,1630.5,55
736,GFP_D6_MET_P1.tif:0497-0653,4324,41.908,3.363,41,29,53,591.858,42
737,GFP_D6_MET_P1.tif:0800-0600,4190,41.203,3.59,41,30,58,568.615,41
738,GFP_D6_MET_P1.tif:0774-0629,4697,41.229,3.338,42,28,56,636.662,41
739,GFP_D6_MET_P1.tif:0824-1024,4857,41.646,3.98,41,28,137,612.939,42
740,GFP_D6_MET_P1.tif:Background,119040,37.993,2.729,38,27,54,1442,38
741,GFP_D6_MET_P2.tif:0517-0243,4384,37.251,3.183,37,27,49,618.975,37
742,GFP_D6_MET_P2.tif:0903-1013,6692,39.198,3.791,38,27,52,772.105,39
743,GFP_D6_MET_P2.tif:0203-0955,5525,39.242,3.502,39,27,78,687.255,39
744,GFP_D6_MET_P2.tif:Background,506844,35.805,2.612,36,23,103,2848,36
745,GFP_D6_MET_P3.tif:0186-0173,4517,42.231,3.949,41,30,56,674.312,42
746,GFP_D6_MET_P3.tif:0179-0624,5217,46.536,3.795,46,31,60,679.428,47
747,GFP_D6_MET_P3.tif:0414-0827,5409,47.433,4.049,46,33,100,665.515,47
748,GFP_D6_MET_P3.tif:Background,220590,40.08,3.401,40,26,102,2118,40
749,GFP_D6_MET_P4.tif:0283-0355,5752,40.711,3.58,41,29,53,701.762,41
750,GFP_D6_MET_P4.tif:0169-0839,5536,43.628,3.909,44,30,57,646.285,44
751,GFP_D6_MET_P4.tif:0675-1012,5169,43.41,4.119,44,29,58,667.336,43
752,GFP_D6_MET_P4.tif:0839-0358,6009,40.952,4.298,41,27,55,816.827,41
753,GFP_D6_MET_P4.tif:Background,239904,37.185,2.804,37,25,85,2100,37
754,GFP_D6_MET_P5.tif:0712-0376,5581,42.472,3.225,42,33,52,690.518,42
755,GFP_D6_MET_P5.tif:0143-0727,5460,42.583,3.175,42,31,53,684.803,43
756,GFP_D6_MET_P5.tif:0304-0850,6253,43.142,3.229,44,31,55,757.083,43
757,GFP_D6_MET_P5.tif:Background,206118,40.322,2.822,40,27,105,1982,40
758,GFP_D6_NMN+CR_P1.tif:0210-0382,4561,20.709,2.482,21,12,30,643.468,21
759,GFP_D6_NMN+CR_P1.tif:0580-0544,4485,21.33,2.653,21,12,32,659.01,21
760,GFP_D6_NMN+CR_P1.tif:0768-0948,5151,21.259,2.879,22,12,32,685.039,21
761,GFP_D6_NMN+CR_P1.tif:Background,207010,17.763,1.937,18,9,48,2138,18
762,GFP_D6_NMN+CR_P2.tif:0491-0603,3655,19.726,2.608,19,12,31,562.693,20
763,GFP_D6_NMN+CR_P2.tif:0369-0811,4206,19.414,2.409,19,11,29,605.358,19
764,GFP_D6_NMN+CR_P2.tif:Background,53037,16.228,1.823,16,8,24,924,16
765,GFP_D6_NMN+CR_P3.tif:0929-0460,4043,20.154,2.51,21,13,30,575.218,20
766,GFP_D6_NMN+CR_P3.tif:0552-0601,4479,21.319,2.79,20,12,33,623.852,21
767,GFP_D6_NMN+CR_P3.tif:Background,61152,17.398,1.889,17,10,25,1004,17
768,GFP_D6_NMN+CR_P4.tif:0354-0613,3976,20.632,2.599,21,11,31,606.072,21
769,GFP_D6_NMN+CR_P4.tif:0185-0582,4173,20.699,2.91,20,12,31,621.42,21
770,GFP_D6_NMN+CR_P4.tif:0852-0813,4388,19.715,2.525,20,11,29,635.329,20
771,GFP_D6_NMN+CR_P4.tif:Background,90706,16.731,2.022,17,9,26,1270,17
772,GFP_D6_NMN+CR_P4.tif:0802-0378,4410,18.513,2.532,18,9,28,647.938,18
773,GFP_D6_NMN+CR_P4.tif:Background,15200,14.942,1.76,15,8,22,510,15
774,GFP_D6_NMN+CR_P5.tif:0595-0479,3856,18.829,2.593,19,11,30,535.642,19
775,GFP_D6_NMN+CR_P5.tif:0245-0890,4341,19.318,2.69,20,11,30,599.316,19
776,GFP_D6_NMN+CR_P5.tif:Background,160356,16.334,1.972,16,7,47,1714,16
777,GFP_D6_NMN_P1.tif:0649-0476,5614,87.292,4.541,87,70,103,708.467,87
778,GFP_D6_NMN_P1.tif:0334-1054,5223,82.459,5.955,81,65,101,622.995,82
779,GFP_D6_NMN_P1.tif:Background,226791,78.974,4.345,79,60,134,2016,79
780,GFP_D6_NMN_P2.tif:0692-0460,3957,6.569,1.495,7,1,12,522.4,7
781,GFP_D6_NMN_P2.tif:Background,11550,5.693,1.392,6,1,11,470,6
782,GFP_D6_NMN_P2.tif:0435-0584,2043,8.413,1.566,8,4,13,258.448,8
783,GFP_D6_NMN_P2.tif:Background,3696,7.105,1.496,7,1,13,250,7
784,GFP_D6_NMN_P2.tif:0381-0533,637,6.166,1.473,7,1,11,126.998,6
785,GFP_D6_NMN_P2.tif:0458-0691,1694,6.822,1.518,7,1,12,267.226,7
786,GFP_D6_NMN_P2.tif:Background,7920,6.091,1.422,6,0,13,384,6
787,GFP_D6_NMN_P3.tif:0138-0085,5703,77.191,5.42,80,60,98,703.84,77
788,GFP_D6_NMN_P3.tif:0226-0424,5647,83.849,5.841,84,64,103,712.875,84
789,GFP_D6_NMN_P3.tif:0399-0569,4518,85.587,4.736,85,69,100,615.204,86
790,GFP_D6_NMN_P3.tif:Background,106091,74.71,4.302,74,57,94,1320,75
791,GFP_D6_NMN_P4.tif:0292-0372,6017,86.458,5.473,88,66,150,709.549,87
792,GFP_D6_NMN_P4.tif:0417-0913,5060,92.187,6.015,94,73,113,641.003,92
793,GFP_D6_NMN_P4.tif:Background,147510,83.409,4.337,84,64,104,1886,83
794,GFP_D6_NMN_P5.tif:0683-0261,4412,7.132,1.482,7,1,12,668.834,7
795,GFP_D6_NMN_P5.tif:Background,13224,6.267,1.393,6,0,12,500,6
796,GFP_D6_NMN_P5.tif:0145-1073,4310,8.343,1.568,8,2,13,614.693,8
797,GFP_D6_NMN_P5.tif:Background,31360,7.505,1.46,7,2,19,784,7
