Order,Cat,Day,Group,Plate,Worm,File,Track ,Length,Distance,#Frames,1stFrame,time(s),MaxSpeed,AvgArea,StdArea,AvgPerim,StdPerim,AvgSpeed,BLPS,avgX,avgY
118,1,8,MET+CR,4,2,D8_MET+CR_P4_2,1,3.4414818,3.0809457,757,0,30.28,0.308085582,0.031924855,4.97E-04,1.7193836,0.05319771,0.11365528,0.13220468,2.552562,2.2824726
53,1,4,MET+NMN+CR,2,1,D4_MET+NMN+CR_P2_1,2,3.0030673,2.9317513,707,0,28.28,0.36618032,0.03950642,9.87E-04,1.9183284,0.033611022,0.1061905,0.11071149,2.605107,1.9594504
200,1,12,MET+CR,5,1,D12_MET+CR_P5_1,1,3.061029,2.5485363,747,0,29.88,0.294451159,0.027347948,7.73E-04,1.6385202,0.064013004,0.102444075,0.12504463,3.9134336,1.8534317
51,1,4,MET+NMN+CR,1,1,D4_MET+NMN+CR_P1_1,1,2.636409,2.5350857,755,0,30.2,0.296444958,0.032873735,4.14E-04,1.6487255,0.032005597,0.08729831,0.10589793,2.859638,1.7902876
20,1,4,CR,5,2,D4_CR_P5_2,1,2.4645753,2.3398147,742,0,29.68,0.222225115,0.030324798,4.15E-04,1.5461209,0.029641422,0.08303825,0.10741495,4.100719,1.504562
74,1,4,NMN+CR,2,2,D4_NMN+CR_P2_2,1,2.895001,2.3293254,735,0,29.4,0.331873656,0.035224583,5.53E-04,1.7649021,0.04856223,0.09846942,0.11158627,1.7151496,2.6344562
52,1,4,MET+NMN+CR,1,2,D4_MET+NMN+CR_P1_2,2,2.8313599,2.2937198,753,0,30.12,0.442484347,0.03546851,4.75E-04,1.8041594,0.076475866,0.09400265,0.10420659,4.279039,1.8213704
120,1,8,MET+CR,5,2,D8_MET+CR_P5_2,1,2.3645604,2.2100554,744,0,29.76,0.249555847,0.028648755,4.05E-04,1.6616532,0.07766872,0.07945432,0.09563285,2.7085068,1.8447537
36,1,4,MET+CR,3,2,D4_MET+CR_P3_2,1,2.817188,2.1561868,733,0,29.32,0.330456952,0.028556764,5.47E-04,1.6227536,0.059149724,0.09608418,0.11842115,3.1198387,2.0482678
173,1,12,CR,2,1,D12_CR_P2_1,1,2.9609084,1.9431491,740,0,29.6,0.326191378,0.028536132,8.85E-04,1.7098122,0.099282674,0.10003069,0.117007814,3.9259243,1.3919365
16,1,4,CR,3,2,D4_CR_P3_2,1,2.7425196,1.9020556,750,0,30,0.25573289,0.030606953,4.33E-04,1.5436118,0.038549375,0.09141732,0.118446,2.3445885,1.7798631
60,1,4,MET+NMN+CR,5,2,D4_MET+NMN+CR_P5_2,1,2.043572,1.8809434,750,0,30,0.255271047,0.035512827,4.62E-04,1.772511,0.094413914,0.068119064,0.07686166,4.332277,1.6864353
97,1,8,CR,4,1,D8_CR_P4_1,1,2.0310156,1.8153845,753,0,30.12,0.221099681,0.030208576,3.71E-04,1.6258036,0.051219612,0.067430794,0.082950726,3.148884,2.3912835
116,1,8,MET+CR,3,2,D8_MET+CR_P3_2,1,2.0095723,1.7973565,762,0,30.48,0.27522915,0.033405885,3.90E-04,1.7157012,0.04273244,0.06593085,0.07685586,3.2322035,1.1055127
75,1,4,NMN+CR,3,1,D4_NMN+CR_P3_1,1,1.9158645,1.756869,757,0,30.28,0.179879391,0.03375421,4.63E-04,1.6392313,0.04853756,0.06327161,0.07719669,2.1513855,2.1737425
61,1,4,NMN,1,1,D4_NMN_P1_1,1,1.8381772,1.7390181,737,0,29.48,0.190214021,0.038099844,4.23E-04,1.8924229,0.03842862,0.062353365,0.06589792,3.87491,1.6852165
117,1,8,MET+CR,4,1,D8_MET+CR_P4_1,1,1.7504627,1.650978,756,0,30.24,0.199120073,0.030529657,4.17E-04,1.7175667,0.075446926,0.057885673,0.06740428,3.221664,1.4088951
73,1,4,NMN+CR,2,1,D4_NMN+CR_P2_1,1,1.8245013,1.6135899,733,0,29.32,0.207408564,0.0354832,3.34E-04,1.8343208,0.060688764,0.062227193,0.06784767,2.4820054,1.0450159
100,1,8,CR,5,2,D8_CR_P5_2,1,2.1943045,1.6034168,751,0,30.04,0.951274019,0.033277925,0.001261059,1.7988553,0.17913727,0.07304609,0.081213966,3.0307977,1.9178638
180,1,12,CR,5,2,D12_CR_P5_2,1,2.0008307,1.5965643,743,0,29.72,0.283151004,0.030027661,6.45E-04,1.6525565,0.05758441,0.0673227,0.08147703,2.0914047,1.8044764
28,1,4,MET,4,2,D4_MET_P4_2,1,1.667058,1.5895038,751,0,30.04,0.187304406,0.04072734,3.58E-04,1.9553648,0.06214606,0.055494606,0.056761384,2.498449,1.8505843
22,1,4,MET,1,2,D4_MET_P1_2,1,2.1569555,1.5766674,746,0,29.84,0.276567368,0.03927432,4.89E-04,1.9850476,0.057392452,0.07228403,0.07282851,3.8274667,2.1234038
34,1,4,MET+CR,2,2,D4_MET+CR_P2_2,1,1.6889259,1.5716481,741,0,29.64,0.236928579,0.026137292,2.99E-04,1.4701623,0.07101845,0.056981303,0.077517025,3.83371,1.2362379
58,1,4,MET+NMN+CR,4,2,D4_MET+NMN+CR_P4_2,1,1.703364,1.5342084,756,0,30.24,0.191243226,0.040371366,4.41E-04,1.8787713,0.04490397,0.056328174,0.05996278,3.0695953,2.3451746
255,1,15,CR,2,2,D15_CR_P2_2,1,1.7705752,1.4959913,741,0,29.64,0.257221772,0.025692906,7.47E-04,1.643369,0.11932089,0.059736006,0.07269945,2.9924984,2.0307117
59,1,4,MET+NMN+CR,5,1,D4_MET+NMN+CR_P5_1,1,1.6256981,1.4829872,751,0,30.04,0.194365869,0.040547606,3.50E-04,1.8750464,0.05292556,0.05411778,0.057724204,1.1069685,1.7200586
12,1,4,CR,1,2,D4_CR_P1_2,1,1.7794625,1.4669987,717,0,28.68,0.244976673,0.030901402,5.74E-04,1.6303079,0.11509507,0.062045414,0.07611497,3.6501803,1.1358728
63,1,4,NMN,2,1,D4_NMN_P2_1,1,1.5657183,1.3989785,744,0,29.76,0.196182914,0.03389648,6.36E-04,1.6339223,0.054478213,0.052611504,0.06439903,2.1281326,1.8699052
10,1,4,Control,5,2,D4_Con_P5_2,1,1.4681089,1.3559757,740,0,29.6,0.202712859,0.04152597,4.00E-04,1.8966277,0.03866387,0.049598273,0.052301537,2.577374,1.173396
89,1,8,Control,5,1,D8_Con_P5_1,1,1.4908571,1.344126,753,0,30.12,0.231232098,0.04476462,5.99E-04,2.019368,0.059454426,0.04949725,0.049022518,2.978138,1.9668905
38,1,4,MET+CR,4,2,D4_MET+CR_P4_2,1,1.8715359,1.334052,743,0,29.72,0.278110919,0.027108131,4.32E-04,1.5487942,0.053842954,0.06297227,0.081317805,1.8084642,2.0024827
40,1,4,MET+CR,5,2,D4_MET+CR_P5_2,1,1.5489004,1.3096597,746,0,29.84,0.175460672,0.027466742,3.81E-04,1.6273763,0.054182418,0.05190685,0.063792065,2.3130748,2.7842007
178,1,12,CR,4,2,D12_CR_P4_2,1,1.4596875,1.3001597,751,0,30.04,0.705394335,0.030788628,9.43E-04,1.6303606,0.10170447,0.048591457,0.059608236,3.2944646,1.6553007
99,1,8,CR,5,1,D8_CR_P5_1,1,1.664531,1.2991862,737,0,29.48,0.247816625,0.029608844,5.66E-04,1.6850376,0.05943193,0.05646306,0.067016974,3.3178804,1.9174887
156,1,8,NMN+CR,3,2,D8_NMN+CR_P3_2,1,1.7377822,1.2936387,739,0,29.56,2.130262367,0.036190383,9.80E-04,1.8268546,0.068296514,0.058788303,0.064360134,3.4404876,1.4119008
171,1,12,CR,1,1,D12_CR_P1_1,1,1.5375295,1.2856425,748,0,29.92,0.189899467,0.032238085,5.38E-04,1.7162321,0.048075415,0.051388014,0.059884693,2.295002,1.77039
169,1,12,Control,5,1,D12_Con_P5_1,1,1.7555786,1.2705568,745,0,29.8,0.980758201,0.04173088,0.001258977,2.142344,0.09270878,0.058912035,0.05499774,2.486649,2.0188928
13,1,4,CR,2,1,D4_CR_P2_1,1,2.223132,1.2616892,737,0,29.48,0.244386122,0.030733535,4.33E-04,1.5868601,0.040188976,0.07541153,0.09504497,1.1882219,2.1202507
112,1,8,MET+CR,1,2,D8_MET+CR_P1_2,1,2.02889,1.1244751,746,0,29.84,0.452950876,0.029752577,5.32E-04,1.6708665,0.08884331,0.06799229,0.081385665,3.426881,2.180281
64,1,4,NMN,2,2,D4_NMN_P2_2,1,1.6964321,1.120091,755,0,30.2,0.226623309,0.038895313,4.80E-04,1.9883051,0.05566335,0.056173246,0.05650365,3.2633703,2.2338798
11,1,4,CR,1,1,D4_CR_P1_1,1,1.4520513,1.1195471,758,0,30.32,1.144230366,0.03303507,6.62E-04,1.7274437,0.114760935,0.04789087,0.0554471,2.9660842,1.9651896
179,1,12,CR,5,1,D12_CR_P5_1,1,1.363479,1.1110257,758,0,30.32,0.160090753,0.028771292,4.07E-04,1.6510013,0.05005322,0.044969626,0.05447558,3.5873942,2.198987
37,1,4,MET+CR,4,1,D4_MET+CR_P4_1,1,1.2496858,1.1080562,754,0,30.16,0.138201402,0.029098716,2.22E-04,1.5512661,0.05443361,0.041435204,0.053421143,3.0250843,1.6186095
2,1,4,Control,1,2,D4_Con_P1_2,2,1.274538,1.0985845,747,0,29.88,0.158482941,0.042584617,6.09E-04,1.8979195,0.03087982,0.042655226,0.044949457,1.6973058,1.768014
115,1,8,MET+CR,3,1,D8_MET+CR_P3_1,1,2.2497957,1.08648,742,0,29.68,1.029695477,0.034129106,0.001426256,1.8446082,0.23057914,0.075801745,0.08218736,2.609112,2.2022185
196,1,12,MET+CR,3,1,D12_MET+CR_P3_1,1,1.2231414,1.0775149,734,0,29.36,0.180289173,0.03373782,7.08E-04,1.7290404,0.07729327,0.04166013,0.04818873,3.0439608,1.5225378
235,1,12,NMN+CR,2,2,D12_NMN+CR_P2_2,1,1.3517983,1.0712883,748,0,29.92,0.182073808,0.035996605,5.20E-04,1.8025008,0.043246023,0.045180425,0.05013082,1.8653418,1.9551235
56,1,4,MET+NMN+CR,3,2,D4_MET+NMN+CR_P3_2,1,1.2789077,1.0466956,752,0,30.08,0.150404917,0.038100988,4.56E-04,1.8249959,0.04423443,0.042516876,0.04659394,3.6383607,2.4867547
29,1,4,MET,5,1,D4_MET_P5_1,1,1.1964781,1.0296663,740,0,29.6,0.163069949,0.041346572,4.27E-04,2.0016823,0.074814364,0.040421557,0.040387586,3.920947,1.4321657
24,1,4,MET,2,2,D4_MET_P2_2,1,1.2889609,1.0185115,759,0,30.36,0.152611604,0.038885754,5.96E-04,1.937987,0.06005087,0.042455893,0.04381443,3.1438572,2.2403557
101,1,8,MET,1,1,D8_MET_P1_1,1,1.4519513,0.9958895,748,0,29.92,0.251746085,0.045110717,6.40E-04,2.1807332,0.079573,0.04852778,0.04450593,2.857704,2.1600487
316,1,15,NMN+CR,3,2,D15_NMN+CR_P3_2,1,1.3284622,0.9840701,754,0,30.16,0.190883072,0.0344266,8.14E-04,1.6932011,0.03243975,0.044047154,0.05202826,1.534791,0.7552766
77,1,4,NMN+CR,4,1,D4_NMN+CR_P4_1,1,1.6728883,0.97899157,755,0,30.2,0.329918228,0.038367745,9.76E-04,1.8596522,0.09246435,0.05539365,0.059574205,0.983446,1.2621094
71,1,4,NMN+CR,1,1,D4_NMN+CR_P1_1,1,1.349297,0.97355944,746,0,29.84,0.263641565,0.038611483,5.81E-04,1.9165969,0.057541948,0.04521773,0.047185436,3.9424224,1.4576116
5,1,4,Control,3,1,D4_Con_P3_1,1,1.1450962,0.9622565,744,0,29.76,0.212438777,0.035281308,4.48E-04,1.7732426,0.052051555,0.038477696,0.04339812,3.9663978,2.0372307
113,1,8,MET+CR,2,1,D8_MET+CR_P2_1,1,1.2146763,0.9427118,752,0,30.08,0.15434986,0.026912833,3.96E-04,1.5619619,0.048145257,0.040381525,0.05170616,2.9095798,1.8226572
47,1,4,MET+NMN,4,1,D4_MET+NMN_P4_1,1,1.2438017,0.9381842,741,0,29.64,0.187178212,0.039965868,4.30E-04,1.8738173,0.042740837,0.04196362,0.044789445,1.5288769,1.889756
57,1,4,MET+NMN+CR,4,1,D4_MET+NMN+CR_P4_1,1,1.1993734,0.91781294,744,0,29.76,0.236301776,0.037757393,4.97E-04,1.8927529,0.066174135,0.040301524,0.04258509,0.9001624,2.9793367
160,1,8,NMN+CR,5,2,D8_NMN+CR_P5_2,1,2.1560175,0.9129117,743,0,29.72,0.336343911,0.039703645,5.27E-04,2.0194724,0.06361613,0.07254433,0.07184484,2.773364,2.1484606
79,1,4,NMN+CR,5,1,D4_NMN+CR_P5_1,1,1.5767394,0.90324134,757,0,30.28,0.211086147,0.036325492,6.50E-04,1.8427746,0.055440098,0.052071974,0.05651475,3.6473598,2.17853
212,1,12,MET+NMN+CR,1,1,D12_MET+NMN+CR_P1_1,1,1.1473813,0.90125453,744,0,29.76,0.164855411,0.035421364,5.26E-04,1.8207909,0.062693566,0.038554482,0.04234916,2.8816237,1.3909959
44,1,4,MET+NMN,2,2,D4_MET+NMN_P2_2,1,1.1153104,0.8802303,747,0,29.88,0.136999262,0.04135526,5.22E-04,1.9369825,0.054305904,0.037326317,0.038540687,2.7209,1.7311939
157,1,8,NMN+CR,4,1,D8_NMN+CR_P4_1,1,1.2832716,0.86842847,759,0,30.36,0.271498831,0.040673777,6.63E-04,2.0735505,0.08289372,0.0422685,0.0407692,3.955804,2.2789955
31,1,4,MET+CR,1,1,D4_MET+CR_P1_1,1,1.0929861,0.86491853,745,0,29.8,0.156416604,0.030994596,6.86E-04,1.641993,0.0672805,0.036677387,0.04467423,2.5732195,1.2595876
92,1,8,CR,1,2,D8_CR_P1_2,1,1.684336,0.8644758,758,0,30.32,0.251826947,0.032984655,4.95E-04,1.6793703,0.047933653,0.05555198,0.0661581,2.4261625,1.3607088
141,1,8,NMN,1,1,D8_NMN_P1_1,1,1.1819311,0.84970117,738,0,29.52,0.188437523,0.047721747,6.50E-04,2.1324508,0.0749989,0.040038317,0.037551455,2.2425985,2.009055
155,1,8,NMN+CR,3,1,D8_NMN+CR_P3_1,1,1.3587384,0.8228318,748,0,29.92,0.226872158,0.037104156,0.001645639,1.7265694,0.35206628,0.04541238,0.052604176,4.5644608,2.5240939
177,1,12,CR,4,1,D12_CR_P4_1,1,1.4119457,0.81969196,748,0,29.92,0.23970264,0.030791134,3.54E-04,1.6988149,0.06491233,0.0471907,0.0555572,3.192147,2.073685
3,1,4,Control,2,1,D4_Con_P2_1,1,1.1306813,0.8181269,740,0,29.6,0.253024418,0.042976804,3.85E-04,1.9721762,0.051570002,0.03819869,0.038737603,4.5073385,1.9125873
219,1,12,MET+NMN+CR,4,2,D12_MET+NMN+CR_P4_2,1,1.1970181,0.8160331,754,0,30.16,0.210219459,0.04180904,9.59E-04,2.086364,0.08580548,0.03968893,0.03804603,2.8486724,1.1350809
87,1,8,Control,4,1,D8_Con_P4_1,1,1.0921092,0.80916524,755,0,30.2,0.147414475,0.045253936,5.06E-04,2.0245724,0.04367159,0.03616256,0.03572365,2.822269,1.3670048
7,1,4,Control,4,1,D4_Con_P4_1,1,1.088667,0.8080395,756,0,30.24,0.155645295,0.040932417,7.16E-04,1.9897082,0.0870894,0.036000893,0.03618711,3.391353,1.6555364
8,1,4,Control,4,2,D4_Con_P4_2,1,1.0130477,0.80333173,748,0,29.92,0.139881857,0.03931781,3.50E-04,1.9255936,0.052087307,0.033858545,0.035166863,2.839269,1.983272
17,1,4,CR,4,1,D4_CR_P4_1,1,1.077523,0.7999131,758,0,30.32,0.142003922,0.028018437,4.45E-04,1.5567613,0.050510824,0.035538357,0.045656785,4.7751775,2.3001223
108,1,8,MET,4,2,D8_MET_P4_2,1,1.2801139,0.7981009,759,0,30.36,0.192735251,0.046651617,0.001047892,2.0624545,0.06348416,0.04216449,0.04088768,2.7723238,1.6841027
98,1,8,CR,4,2,D8_CR_P4_2,1,1.126914,0.7980609,759,0,30.36,0.211781007,0.031177176,5.20E-04,1.6433326,0.040397935,0.037118383,0.04517452,2.6424763,1.9231918
95,1,8,CR,3,1,D8_CR_P3_1,1,1.2754649,0.79013765,755,0,30.2,0.196306314,0.035322122,6.17E-04,1.8475598,0.051749136,0.042233936,0.045718614,2.7453747,1.9112912
67,1,4,NMN,4,1,D4_NMN_P4_1,1,0.9961774,0.77910805,757,0,30.28,0.135546096,0.04022942,3.74E-04,1.9301221,0.041221414,0.032898854,0.034089923,4.410862,1.4468976
19,1,4,CR,5,1,D4_CR_P5_1,1,1.4805619,0.7783692,742,0,29.68,0.157690514,0.030929122,2.98E-04,1.5768645,0.03711191,0.04988416,0.06327007,2.1477232,1.1260148
26,1,4,MET,3,2,D4_MET_P3_2,1,1.0378524,0.7778049,736,0,29.44,0.200790027,0.040620387,5.40E-04,1.9718598,0.05492821,0.035253137,0.03575623,3.7412941,1.8064198
194,1,12,MET+CR,2,1,D12_MET+CR_P2_1,1,0.97875375,0.7771029,749,0,29.96,0.120355166,0.026744045,3.50E-04,1.5145307,0.07065426,0.032668684,0.043140337,3.360648,1.6505885
199,1,12,MET+CR,4,2,D12_MET+CR_P4_2,1,1.4326668,0.7696181,741,0,29.64,0.207014824,0.032770317,4.24E-04,1.6337724,0.043812923,0.048335586,0.059170526,2.6754222,2.0913446
66,1,4,NMN,3,2,D4_NMN_P3_2,1,1.200722,0.7687644,740,0,29.6,0.142014329,0.04217532,4.89E-04,1.9107914,0.040595867,0.040564932,0.04245878,1.4632024,1.3560299
94,1,8,CR,2,2,D8_CR_P2_2,1,1.7348292,0.76647633,739,0,29.56,0.287565612,0.02975679,6.43E-04,1.4389459,0.24104299,0.058688406,0.081571385,2.448396,1.5468822
139,1,8,MET+NMN+CR,5,1,D8_MET+NMN+CR_P5_1,1,1.0281454,0.7573601,750,0,30,0.119726546,0.041630972,6.20E-04,2.0036778,0.07037503,0.034271512,0.034208607,3.078577,1.1097231
41,1,4,MET+NMN,1,1,D4_MET+NMN_P1_1,1,1.0513668,0.75725526,754,0,30.16,0.169624935,0.039481856,4.41E-04,1.8558432,0.039941948,0.034859642,0.03756744,3.45159,2.4859169
234,1,12,NMN+CR,2,1,D12_NMN+CR_P2_1,1,1.775586,0.745202,745,0,29.8,0.258586858,0.03726205,8.49E-04,1.8475156,0.11025074,0.059583426,0.06450114,3.3708563,2.508608
62,1,4,NMN,1,2,D4_NMN_P1_2,1,1.0366055,0.74118054,738,0,29.52,0.140869152,0.04117596,5.51E-04,1.8916095,0.035728443,0.03511536,0.037127495,1.6277062,1.4833136
201,1,12,MET+CR,5,2,D12_MET+CR_P5_2,1,1.1954277,0.7408076,753,0,30.12,0.235838559,0.025116658,5.92E-04,1.6264732,0.12381889,0.039688833,0.048803553,3.0402963,1.949567
122,1,8,MET+NMN,1,2,D8_MET+NMN_P1_2,1,1.2184008,0.72661394,736,0,29.44,0.176546478,0.042520877,5.72E-04,1.9948812,0.055467933,0.0413859,0.041492093,2.7908506,1.8981897
46,1,4,MET+NMN,3,2,D4_MET+NMN_P3_2,2,1.0527681,0.7223413,746,0,29.84,0.160747103,0.04395881,4.99E-04,2.014285,0.045332458,0.035280433,0.035030227,3.5251696,2.680875
49,1,4,MET+NMN,5,1,D4_MET+NMN_P5_1,1,0.9473951,0.69968605,738,0,29.52,0.126606494,0.039949797,5.83E-04,1.9538262,0.05905102,0.03209333,0.032851774,1.958231,1.9937176
21,1,4,MET,1,1,D4_MET_P1_1,1,1.0494585,0.6989539,741,0,29.64,0.16804022,0.040116012,5.43E-04,1.930568,0.053985488,0.03540683,0.03668022,3.335466,2.0698488
42,1,4,MET+NMN,1,2,D4_MET+NMN_P1_2,1,0.9376076,0.6864622,743,0,29.72,0.25372263,0.04017291,4.81E-04,1.9083252,0.06548315,0.031548034,0.033063583,2.592447,1.6832547
27,1,4,MET,4,1,D4_MET_P4_1,1,1.047611,0.68494093,737,0,29.48,0.130868168,0.04311097,3.63E-04,1.9876242,0.05756744,0.03553633,0.035757598,2.2550712,1.4877399
198,1,12,MET+CR,4,1,D12_MET+CR_P4_1,1,0.96428746,0.68270415,752,0,30.08,0.141895097,0.027068969,4.16E-04,1.5656173,0.09300055,0.03205743,0.040951807,3.618861,2.0102484
25,1,4,MET,3,1,D4_MET_P3_1,1,1.0907265,0.66671234,745,0,29.8,0.180850376,0.039789505,4.17E-04,1.9922533,0.08019042,0.036601562,0.036743883,3.5499265,2.099164
55,1,4,MET+NMN+CR,3,1,D4_MET+NMN+CR_P3_1,2,1.0637944,0.6640897,741,0,29.64,0.158754049,0.041210983,6.01E-04,1.9190539,0.04429734,0.035890497,0.037404366,0.7303891,3.194047
72,1,4,NMN+CR,1,2,D4_NMN+CR_P1_2,1,1.2249951,0.66002685,757,0,30.28,0.212453096,0.039632928,4.74E-04,1.9277414,0.05390297,0.040455587,0.041972004,1.5700047,2.4408305
105,1,8,MET,3,1,D8_MET_P3_1,1,1.0789636,0.6507192,738,0,29.52,0.154612679,0.046366576,7.57E-04,2.0760727,0.07145742,0.036550257,0.035210963,2.6313982,1.4767748
135,1,8,MET+NMN+CR,3,1,D8_MET+NMN+CR_P3_1,1,1.0178407,0.64830565,755,0,30.2,0.134606229,0.042966403,5.51E-04,1.9701575,0.07088908,0.033703335,0.03421385,2.3611143,1.3688154
153,1,8,NMN+CR,2,1,D8_NMN+CR_P2_1,1,1.1499201,0.64351577,750,0,30,0.231053843,0.03932971,5.22E-04,1.881947,0.05670613,0.03833067,0.04073512,1.6184676,1.4967242
224,1,12,NMN,2,1,D12_NMN_P2_1,1,1.0438883,0.6331206,748,0,29.92,0.232446333,0.0423845,6.12E-04,1.9941217,0.0860462,0.034889318,0.034992166,2.63272,1.7230511
355,1,18,MET+CR,4,1,D18_MET+CR_P4_1,1,0.85969126,0.6282605,736,0,29.44,0.098933023,0.038681943,5.36E-04,1.6759547,0.074067675,0.029201468,0.03484756,3.0853786,2.1862178
96,1,8,CR,3,2,D8_CR_P3_2,1,1.297877,0.61887974,751,0,30.04,0.190146978,0.031694945,4.83E-04,1.8071086,0.06826549,0.043204956,0.047816668,3.2056758,1.6644129
125,1,8,MET+NMN,3,1,D8_MET+NMN_P3_1,1,1.0896603,0.6031017,747,0,29.88,0.141381356,0.042781346,5.90E-04,2.0596259,0.07864727,0.03646788,0.03541214,2.8868449,1.3118631
204,1,12,MET+NMN,2,1,D12_MET+NMN_P2_1,1,3.759517,0.5997724,753,0,30.12,2.456865087,0.042335458,0.001784211,2.039,0.1572423,0.12481796,0.122430556,2.822571,2.197266
270,1,15,MET,5,1,D15_MET_P5_1,1,1.3618941,0.58505625,745,0,29.8,0.312987436,0.040909547,6.17E-04,2.124196,0.182258,0.045701142,0.043029122,2.6876016,1.5196414
114,1,8,MET+CR,2,2,D8_MET+CR_P2_2,1,1.0544008,0.584851,752,0,30.08,0.168404018,0.0274772,4.23E-04,1.6251712,0.081317656,0.035053216,0.04313788,2.8103776,1.3475852
15,1,4,CR,3,1,D4_CR_P3_1,1,1.70019,0.57847613,755,0,30.2,1.190223731,0.03243265,0.001442902,1.6890466,0.13367191,0.056297682,0.06666208,2.6207535,2.5511088
273,1,15,MET+CR,1,2,D15_MET+CR_P1_2,1,0.85525,0.57174474,737,0,29.48,0.113616651,0.027471168,4.58E-04,1.5487416,0.07182853,0.029011194,0.037464216,2.855347,1.992838
86,1,8,Control,3,2,D8_Con_P3_2,1,1.0004503,0.5562155,750,0,30,0.155382673,0.043235093,5.74E-04,2.0407383,0.042084806,0.03334834,0.03268262,2.6038394,1.9042382
127,1,8,MET+NMN,4,1,D8_MET+NMN_P4_1,1,0.99653083,0.55520517,738,0,29.52,0.196691975,0.04594587,7.73E-04,2.1256826,0.07476763,0.033757817,0.031761862,2.953772,2.0200577
69,1,4,NMN,5,1,D4_NMN_P5_1,1,0.76834744,0.5464486,741,0,29.64,0.105434831,0.037465997,3.01E-04,1.7501439,0.048022024,0.025922652,0.029623453,2.9170618,2.3647516
256,1,15,CR,3,1,D15_CR_P3_1,1,0.8921634,0.5462155,755,0,30.2,0.118933688,0.032067176,4.56E-04,1.7540873,0.07545495,0.029541833,0.033683423,3.1248047,1.8368685
35,1,4,MET+CR,3,1,D4_MET+CR_P3_1,1,1.5615721,0.5426617,753,0,30.12,0.36023173,0.032150872,5.36E-04,1.7408271,0.0586064,0.05184502,0.059563667,4.3936834,1.26515
45,1,4,MET+NMN,3,1,D4_MET+NMN_P3_1,1,1.0134164,0.53662634,747,0,29.88,0.197916082,0.042309742,6.60E-04,1.9921076,0.05189435,0.03391621,0.03405058,3.4254947,2.4033694
276,1,15,MET+CR,3,1,D15_MET+CR_P3_1,1,0.96888393,0.5247608,756,0,30.24,0.140996056,0.029690668,5.96E-04,1.5471522,0.042403564,0.032039814,0.041417792,2.565167,1.5258958
279,1,15,MET+CR,4,2,D15_MET+CR_P4_2,1,1.3061775,0.5241569,738,0,29.52,0.200821483,0.032268386,3.77E-04,1.6537378,0.0639977,0.044247206,0.053511754,3.1297832,1.6554818
232,1,12,NMN+CR,1,1,D12_NMN+CR_P1_1,1,0.98019,0.50196135,737,0,29.48,0.136962952,0.04177052,5.39E-04,2.0630038,0.06487624,0.03324932,0.03223389,2.6726785,1.5921679
132,1,8,MET+NMN+CR,1,2,D8_MET+NMN+CR_P1_2,1,1.0732287,0.5013907,748,0,29.92,0.156016077,0.03701244,4.24E-04,1.759128,0.044726223,0.035869945,0.040781505,2.6541483,0.9932118
159,1,8,NMN+CR,5,1,D8_NMN+CR_P5_1,1,1.15516,0.5008567,763,0,30.52,0.217119558,0.0376439,5.98E-04,1.9239497,0.068894304,0.037849277,0.039345395,3.3547125,1.8071276
121,1,8,MET+NMN,1,1,D8_MET+NMN_P1_1,1,0.97583055,0.5000876,742,0,29.68,0.312818424,0.044350374,6.87E-04,2.127467,0.09732528,0.032878388,0.030908484,2.9461334,1.548008
134,1,8,MET+NMN+CR,2,2,D8_MET+NMN+CR_P2_2,1,1.1504335,0.49926585,754,0,30.16,0.193306699,0.04306703,4.79E-04,2.030621,0.06111222,0.038144346,0.037569147,2.607628,1.5067834
257,1,15,CR,3,2,D15_CR_P3_2,1,0.8456673,0.49838674,753,0,30.12,0.19027841,0.03311767,4.16E-04,1.7758143,0.08354563,0.028076602,0.031621102,3.0430396,1.831364
303,1,15,NMN,2,1,D15_NMN_P2_1,1,0.82462406,0.49609238,750,0,30,0.110770948,0.044281512,4.36E-04,2.0598612,0.08886372,0.027487468,0.026688661,3.2320316,1.8406875
277,1,15,MET+CR,3,2,D15_MET+CR_P3_2,1,1.156696,0.4917131,735,0,29.4,0.202186708,0.031861097,5.05E-04,1.6738482,0.06428677,0.0393434,0.047009524,2.962141,2.0941913
81,1,8,Control,1,1,D8_Con_P1_1,1,0.9842606,0.4914585,750,0,30,0.168789702,0.044065833,6.79E-04,2.11866,0.07666552,0.032808688,0.030971168,2.9406059,2.7241368
119,1,8,MET+CR,5,1,D8_MET+CR_P5_1,1,0.85137296,0.4909484,749,0,29.96,0.131996663,0.029129477,3.72E-04,1.5622832,0.04042665,0.02841699,0.036378793,3.1292295,1.2638617
130,1,8,MET+NMN,5,2,D8_MET+NMN_P5_2,1,0.84277153,0.4785597,736,0,29.44,0.119618909,0.043445878,7.06E-04,2.0629616,0.10325564,0.02862675,0.027753063,2.8256202,1.8093147
353,1,18,MET+CR,3,1,D18_MET+CR_P3_1,1,0.80632704,0.47852203,755,0,30.2,0.099229603,0.041798927,5.26E-04,1.5682529,0.07816714,0.026699571,0.03405008,2.942313,1.9612936
389,1,18,NMN+CR,3,1,D18_NMN+CR_P3_1,1,0.7878208,0.47813416,740,0,29.6,0.0967031,0.041420866,5.30E-04,1.6547751,0.035549548,0.026615568,0.0321682,3.177716,1.6815791
78,1,4,NMN+CR,4,2,D4_NMN+CR_P4_2,1,1.058818,0.46169907,747,0,29.88,0.184216956,0.039349448,6.96E-04,1.868586,0.20445089,0.035435673,0.037927795,2.8415556,1.7178674
136,1,8,MET+NMN+CR,3,2,D8_MET+NMN+CR_P3_2,1,0.90325063,0.45977762,737,0,29.48,0.165186229,0.038666625,3.36E-04,1.8615466,0.042990923,0.030639438,0.03291826,4.940704,1.5704776
9,1,4,Control,5,1,D4_Con_P5_1,1,0.7930545,0.45875055,752,0,30.08,0.11396542,0.04079462,4.69E-04,1.8470678,0.04928892,0.026364844,0.028547782,2.7188833,1.7889006
252,1,15,CR,1,1,D15_CR_P1_1,1,0.93401206,0.4461109,736,0,29.44,0.137681293,0.031143397,5.55E-04,1.6233127,0.07848604,0.031725954,0.03908791,3.178414,2.3142555
111,1,8,MET+CR,1,1,D8_MET+CR_P1_1,1,1.1120172,0.4411682,742,0,29.68,0.221036887,0.026853869,9.03E-04,1.6299615,0.09103199,0.037466887,0.045972724,2.724956,2.4025118
380,1,18,NMN,3,2,D18_NMN_P3_2,1,0.9996745,0.4400547,758,0,30.32,0.214823266,0.06367611,1.22E-03,2.1207914,0.15941708,0.032970794,0.031092916,3.3548284,1.7562046
107,1,8,MET,4,1,D8_MET_P4_1,1,0.9892638,0.43850878,736,0,29.44,0.170967262,0.044525098,6.00E-04,2.1083295,0.05480721,0.03360271,0.031876143,2.7295737,1.0822955
236,1,12,NMN+CR,3,1,D12_NMN+CR_P3_1,1,1.728287,0.43558836,762,0,30.48,0.285060122,0.035009053,8.72E-04,1.765217,0.15772371,0.056702327,0.06424403,2.9129815,2.216502
197,1,12,MET+CR,3,2,D12_MET+CR_P3_2,1,0.97873104,0.43329725,738,0,29.52,0.201121089,0.034287892,6.45E-04,1.539606,0.3173142,0.033154845,0.043069262,2.3821032,1.7120908
172,1,12,CR,1,2,D12_CR_P1_2,1,1.3683558,0.42631865,752,0,30.08,0.225325674,0.031256996,5.97E-04,1.6120305,0.07378894,0.045490548,0.05643882,2.3739917,1.464919
423,1,24,NMN+CR,2,1,D24_NMN+CR_P2_1,1,0.8194528,0.42120326,753,0,30.12,0.145316846,0.03911471,7.20E-04,1.7196946,0.1507533,0.02720627,0.031640816,3.3311296,1.8567916
23,1,4,MET,2,1,D4_MET_P2_1,1,0.8251665,0.42106912,743,0,29.72,0.149317575,0.038942523,5.88E-04,1.8691455,0.038789567,0.027764687,0.02970843,3.5510123,1.9727442
30,1,4,MET,5,2,D4_MET_P5_2,1,0.8965395,0.4198599,743,0,29.72,0.139006518,0.039817635,3.28E-04,2.0064414,0.06083012,0.030166201,0.030069357,2.375699,2.3124127
313,1,15,NMN+CR,2,1,D15_NMN+CR_P2_1,1,0.9708413,0.41380075,755,0,30.2,0.204084814,0.03558374,3.93E-04,1.8771083,0.06533449,0.03214706,0.034251686,3.0258315,1.814607
109,1,8,MET,5,1,D8_MET_P5_1,1,0.89778006,0.4078804,756,0,30.24,0.135598576,0.04779547,5.06E-04,2.1586537,0.065963924,0.029688494,0.02750649,3.3237953,1.2047509
214,1,12,MET+NMN+CR,2,1,D12_MET+NMN+CR_P2_1,1,0.9706582,0.4077839,741,0,29.64,0.20465462,0.04381229,9.84E-04,2.0316563,0.103376195,0.032748252,0.032237984,1.2378505,1.290495
229,1,12,NMN,4,2,D12_NMN_P4_2,1,0.9865322,0.39571133,735,0,29.4,0.164044974,0.04281892,6.25E-04,2.0212388,0.06449364,0.033555515,0.03320292,2.8249006,1.6818628
216,1,12,MET+NMN+CR,3,1,D12_MET+NMN+CR_P3_1,1,0.8252528,0.3906121,735,0,29.4,0.115258875,0.042895216,7.63E-04,2.0232987,0.10957778,0.028069822,0.027746592,2.7540414,1.1491625
143,1,8,NMN,2,1,D8_NMN_P2_1,1,0.95882934,0.3905445,756,0,30.24,0.151146285,0.04809583,6.35E-04,2.1644135,0.07760984,0.03170732,0.029298764,2.7561023,1.8461391
217,1,12,MET+NMN+CR,3,2,D12_MET+NMN+CR_P3_2,1,1.0554895,0.3891294,742,0,29.68,0.170621707,0.04031352,0.001099627,2.030406,0.07518387,0.035562318,0.03502976,3.168412,1.0652533
103,1,8,MET,2,1,D8_MET_P2_1,1,0.787667,0.38808683,747,0,29.88,0.092327129,0.044523563,6.88E-04,1.9857208,0.040285353,0.026361011,0.026550572,3.0584395,1.2755767
4,1,4,Control,2,2,D4_Con_P2_2,1,1.189086,0.38744307,758,0,30.32,0.161488599,0.040927313,4.46E-04,1.865905,0.22237639,0.039217874,0.042036302,4.7917156,0.92587984
287,1,15,MET+NMN,4,1,D15_MET+NMN_P4_1,1,0.8496287,0.37972376,744,0,29.76,0.155464537,0.03916523,7.68E-04,1.9048485,0.07873889,0.02854935,0.029975457,3.119117,2.0470297
241,1,12,NMN+CR,5,2,D12_NMN+CR_P5_2,1,0.68208516,0.3796611,737,0,29.48,0.115438097,0.036040474,5.24E-04,1.6944928,0.054371234,0.023137217,0.027308721,3.039512,1.6599035
82,1,8,Control,1,2,D8_Con_P1_2,1,1.0441223,0.37531608,758,0,30.32,0.133263168,0.045089602,7.45E-04,2.068477,0.058687538,0.03443675,0.033296723,1.4261156,2.4066644
133,1,8,MET+NMN+CR,2,1,D8_MET+NMN+CR_P2_1,1,0.88688,0.3732404,753,0,30.12,0.152347924,0.034710366,4.54E-04,1.7972324,0.0736816,0.029444886,0.032766923,2.6718943,2.4610934
50,1,4,MET+NMN,5,2,D4_MET+NMN_P5_2,1,0.7278063,0.37181145,757,0,30.28,0.12773854,0.041068085,3.61E-04,1.9003483,0.05114712,0.024035875,0.025296284,2.0837305,1.0075678
65,1,4,NMN,3,1,D4_NMN_P3_1,1,0.69848496,0.3546232,738,0,29.52,0.097682921,0.04350791,4.85E-04,1.9110758,0.06660245,0.023661416,0.024762403,1.6777782,1.77363
268,1,15,MET,4,1,D15_MET_P4_1,1,0.8636348,0.35404867,742,0,29.68,0.161819032,0.040133916,9.13E-04,2.1598716,0.116827406,0.029098207,0.026944388,3.405052,1.9556183
138,1,8,MET+NMN+CR,4,2,D8_MET+NMN+CR_P4_2,1,1.1903598,0.35033375,746,0,29.84,0.22118513,0.04372282,8.59E-04,2.0605402,0.07678804,0.039891414,0.038719375,1.8839862,1.9139241
48,1,4,MET+NMN,4,2,D4_MET+NMN_P4_2,1,0.8121322,0.34742898,744,0,29.76,0.267467508,0.04727135,0.001012878,2.0416756,0.14384279,0.027289387,0.026732346,2.781552,1.8502635
43,1,4,MET+NMN,2,1,D4_MET+NMN_P2_1,1,1.5492073,0.3473953,755,0,30.2,1.168577094,0.03892646,0.001353532,1.971706,0.12863235,0.051298257,0.052034386,4.544102,1.1618878
185,1,12,MET,3,1,D12_MET_P3_1,1,0.9847035,0.3262244,743,0,29.72,0.202465546,0.044158,6.77E-04,2.2897465,0.10453101,0.033132687,0.028940048,3.1477487,1.5900779
183,1,12,MET,2,1,D12_MET_P2_1,1,0.86990297,0.32350013,758,0,30.32,0.188959506,0.045123328,4.78E-04,2.1531432,0.0807555,0.028690731,0.026650093,3.0807567,1.7655438
384,1,18,NMN,5,2,D18_NMN_P5_2,1,0.8537368,0.32044885,749,0,29.96,0.139378465,0.05329509,6.65E-04,2.0509663,0.12703411,0.028495887,0.02778777,3.318373,1.868112
80,1,4,NMN+CR,5,2,D4_NMN+CR_P5_2,1,0.72423774,0.31796104,752,0,30.08,0.110891787,0.0312661,0.001974095,1.4195054,0.25719914,0.024077054,0.03392316,3.1933882,2.5531278
263,1,15,MET,1,2,D15_MET_P1_2,1,0.98585165,0.31769446,753,0,30.12,0.150507735,0.036202185,6.05E-04,2.0989604,0.13461734,0.0327308,0.031187626,3.3255966,1.9362918
91,1,8,CR,1,1,D8_CR_P1_1,1,1.5288804,0.31692934,745,0,29.8,0.219261926,0.031014673,4.40E-04,1.6758546,0.056584496,0.05130471,0.06122812,3.035236,1.9838586
32,1,4,MET+CR,1,2,D4_MET+CR_P1_2,1,0.634589,0.31267864,741,0,29.64,0.09002146,0.029311037,2.25E-04,1.4947097,0.05980462,0.021409886,0.028647551,3.315006,0.90497553
84,1,8,Control,2,2,D8_Con_P2_2,1,0.95958185,0.30989248,758,0,30.32,0.141245523,0.046785586,6.12E-04,2.1416404,0.071447745,0.03164848,0.029555362,2.6552703,1.7334024
278,1,15,MET+CR,4,1,D15_MET+CR_P4_1,1,1.0820261,0.30651212,747,0,29.88,0.187308085,0.033236336,7.31E-04,1.8628892,0.08228631,0.03621239,0.038877662,3.250086,2.0985465
93,1,8,CR,2,1,D8_CR_P2_1,1,0.9129722,0.30546305,748,0,29.92,0.130054448,0.028582565,3.43E-04,1.5229039,0.08157557,0.030513776,0.04007315,3.1848896,1.8582032
146,1,8,NMN,3,2,D8_NMN_P3_2,1,1.0776703,0.3051252,738,0,29.52,0.163023174,0.04344431,6.15E-04,1.9741576,0.04823438,0.036506448,0.03698433,2.6444817,1.3199257
168,1,12,Control,4,2,D12_Con_P4_2,1,1.1930156,0.30224693,753,0,30.12,0.362344459,0.038372263,0.001026575,2.1782577,0.19522306,0.03960875,0.036367368,3.308398,1.8781778
85,1,8,Control,3,1,D8_Con_P3_1,1,0.8578502,0.3001329,739,0,29.56,0.132264162,0.045764323,4.22E-04,2.0742872,0.06598186,0.029020641,0.027981317,2.3088899,2.3890107
68,1,4,NMN,4,2,D4_NMN_P4_2,1,0.9746828,0.2944859,753,0,30.12,0.189833029,0.03917517,5.82E-04,1.7933476,0.032343756,0.032359987,0.036088917,2.2751231,1.7569158
206,1,12,MET+NMN,3,1,D12_MET+NMN_P3_1,1,0.7443784,0.29185054,752,0,30.08,0.142992823,0.04234077,5.89E-04,2.027283,0.082957335,0.024746621,0.024413586,3.1102006,1.1664307
88,1,8,Control,4,2,D8_Con_P4_2,1,0.7746256,0.2889796,743,0,29.72,0.126700907,0.045659438,6.14E-04,1.9722979,0.049280647,0.026064118,0.026430205,2.3201063,1.1708636
137,1,8,MET+NMN+CR,4,1,D8_MET+NMN+CR_P4_1,1,0.84405243,0.28509447,746,0,29.84,0.206984882,0.04828654,5.50E-04,2.1443062,0.06615872,0.02828594,0.02638237,4.171332,1.5157067
221,1,12,MET+NMN+CR,5,2,D12_MET+NMN+CR_P5_2,1,1.0369751,0.28494808,742,0,29.68,0.235242071,0.0394162,6.87E-04,1.9747336,0.12524036,0.034938514,0.035385545,1.7809712,2.216101
367,1,18,MET+NMN+CR,1,1,D18_MET+NMN+CR_P1,1,0.71943545,0.28393584,739,0,29.56,0.103438494,0.048884418,5.59E-04,1.8971151,0.08909106,0.024338141,0.025658054,3.1036196,1.9120651
165,1,12,Control,3,1,D12_Con_P3_1,1,0.7480449,0.28391752,738,0,29.52,0.110183773,0.038403995,6.77E-04,1.9386616,0.06128536,0.025340276,0.026142031,3.4097168,1.529205
106,1,8,MET,3,2,D8_MET_P3_2,1,0.9673057,0.27436584,750,0,30,0.200364995,0.043542784,7.65E-04,2.0430021,0.07078523,0.032243524,0.031564847,2.6318233,2.3694112
347,1,18,MET,5,1,D18_MET_P5_1,1,0.81173587,0.2723376,759,0,30.36,0.099360757,0.060388,8.71E-04,2.0925498,0.08969533,0.026737018,0.025554487,3.025995,1.9973236
129,1,8,MET+NMN,5,1,D8_MET+NMN_P5_1,1,1.0187855,0.27160102,755,0,30.2,0.169436634,0.043279048,5.80E-04,2.0945592,0.071125485,0.03373462,0.032211665,2.91014,2.0634577
226,1,12,NMN,3,1,D12_NMN_P3_1,1,0.81778,0.2715916,738,0,29.52,0.128204061,0.042751078,5.95E-04,1.957994,0.040958114,0.027702574,0.028296893,2.693019,1.544789
363,1,18,MET+NMN,4,1,D18_MET+NMN_P4_1,1,0.85358703,0.26464054,742,0,29.68,0.186173408,0.054694775,5.88E-04,2.3317752,0.167338,0.028759671,0.024667619,2.912006,1.4818972
39,1,4,MET+CR,5,1,D4_MET+CR_P5_1,1,0.66624,0.2626742,738,0,29.52,0.099283084,0.027745118,1.80E-04,1.386937,0.061287105,0.022569105,0.032545246,2.0227263,0.79110193
220,1,12,MET+NMN+CR,5,1,D12_MET+NMN+CR_P5_1,1,1.0808876,0.26255572,740,0,29.6,0.268900581,0.039900076,8.34E-04,1.8908879,0.06985322,0.03651647,0.038623624,2.602142,1.7778611
369,1,18,MET+NMN+CR,3,1,D18_MET+NMN+CR_P3_1,1,0.6961927,0.2601742,755,0,30.2,0.092167989,0.05022899,8.14E-04,2.088538,0.14699164,0.023052737,0.022075478,3.1802056,1.9233189
205,1,12,MET+NMN,2,2,D12_MET+NMN_P2_2,1,0.7415812,0.25954735,747,0,29.88,0.113816373,0.043384824,5.74E-04,2.032526,0.04857803,0.024818648,0.024421481,2.8465662,1.921918
90,1,8,Control,5,2,D8_Con_P5_2,1,1.1264708,0.25922734,751,0,30.04,0.217337534,0.044475406,5.99E-04,2.114085,0.06551785,0.037499025,0.035475418,2.9462614,1.7554941
70,1,4,NMN,5,2,D4_NMN_P5_2,1,0.7090438,0.2559785,751,0,30.04,0.117125688,0.039452553,4.87E-04,1.9566668,0.09801407,0.023603324,0.024126053,2.6038356,2.212372
289,1,15,MET+NMN,5,1,D15_MET+NMN_P5_1,1,0.9066699,0.2548164,739,0,29.56,0.211401121,0.040183354,6.13E-04,2.072337,0.123785555,0.030672189,0.029601546,2.8457453,1.7438205
83,1,8,Control,2,1,D8_Con_P2_1,1,0.8890462,0.25419208,746,0,29.84,0.131328881,0.045621034,6.17E-04,2.0067043,0.044836245,0.029793773,0.029694233,1.5176921,1.7762527
124,1,8,MET+NMN,2,2,D8_MET+NMN_P2_2,1,0.9308393,0.25418806,745,0,29.8,0.149656914,0.04462219,6.46E-04,2.1370518,0.06521662,0.031236218,0.029233001,2.8620653,1.7666185
393,1,18,NMN+CR,5,1,D18_NMN+CR_P5_1,1,0.6603867,0.2524678,759,0,30.36,0.110255287,0.048175927,8.36E-04,1.8362168,0.080134034,0.021751866,0.023692045,2.9938457,1.7984648
237,1,12,NMN+CR,3,2,D12_NMN+CR_P3_2,1,1.5942494,0.25055453,740,0,29.6,0.225141481,0.033545386,7.68E-04,1.7235028,0.13876283,0.053859774,0.062500365,2.0330381,1.8883021
210,1,12,MET+NMN,5,1,D12_MET+NMN_P5_1,1,0.99009097,0.24719115,742,0,29.68,0.175776624,0.04536693,6.83E-04,2.1880915,0.082436785,0.03335886,0.030491285,3.1185796,1.7137473
225,1,12,NMN,2,2,D12_NMN_P2_2,1,0.8109024,0.24708417,755,0,30.2,0.120509975,0.04107809,7.84E-04,1.9738824,0.05325977,0.026851075,0.027206356,3.0490584,1.8075297
148,1,8,NMN,4,2,D8_NMN_P4_2,1,1.2115012,0.24327214,761,0,30.44,0.206970563,0.048306946,8.73E-04,2.1447527,0.078549355,0.039799646,0.037113503,2.657524,1.9426926
176,1,12,CR,3,2,D12_CR_P3_2,1,1.3129872,0.23983608,759,0,30.36,0.201421394,0.03237908,5.62E-04,1.7312965,0.2878873,0.04324727,0.049959406,2.6877348,2.0446954
381,1,18,NMN,4,1,D18_NMN_P4_1,1,0.88551253,0.23924251,750,0,30,0.117267319,0.059089825,8.07E-04,1.9985058,0.1002081,0.029517084,0.029539153,3.250626,1.7588736
361,1,18,MET+NMN,3,1,D18_MET+NMN_P3_1,1,0.8993388,0.23590027,759,0,30.36,0.18408756,0.054608252,9.17E-04,2.2224593,0.08854395,0.02962249,0.026657397,3.2848818,1.7012832
149,1,8,NMN,5,1,D8_NMN_P5_1,1,0.9636414,0.23553278,747,0,29.88,0.290901051,0.046096765,6.14E-04,2.1482768,0.06443789,0.032250382,0.030024419,2.7541282,1.886602
140,1,8,MET+NMN+CR,5,2,D8_MET+NMN+CR_P5_2,2,1.2973739,0.23318246,753,0,30.12,0.197182107,0.04317573,8.76E-04,2.0403748,0.16028902,0.0430735,0.042221166,2.6729531,2.5198295
213,1,12,MET+NMN+CR,1,2,D12_MET+NMN+CR_P1_2,1,0.97273326,0.23256156,760,0,30.4,0.244631013,0.03444987,6.66E-04,1.7731532,0.18940257,0.031997804,0.036091417,3.278245,2.7545705
150,1,8,NMN,5,2,D8_NMN_P5_2,1,0.8430658,0.22920018,749,0,29.96,0.126917264,0.044698853,5.97E-04,2.053448,0.059834234,0.028139712,0.027407281,2.916131,1.7386153
215,1,12,MET+NMN+CR,2,2,D12_MET+NMN+CR_P2_2,1,0.78131044,0.2267576,749,0,29.96,0.133851985,0.034570657,5.75E-04,1.7509251,0.06634629,0.026078451,0.029788198,2.2830472,1.6434939
184,1,12,MET,2,2,D12_MET_P2_2,1,0.75583786,0.22564027,740,0,29.6,0.136618398,0.044758815,5.97E-04,2.0633438,0.06301677,0.025535062,0.024751145,3.2148945,1.8867863
444,1,26,NMN,5,1,D26_NMN_P5,1,0.9492337,0.22447705,741,0,29.64,0.133079663,0.046609547,5.00E-04,1.947238,0.12816101,0.032025427,0.032893185,3.1642463,1.6599526
144,1,8,NMN,2,2,D8_NMN_P2_2,1,0.95648694,0.22031064,752,0,30.08,0.163869688,0.043656282,6.19E-04,1.9929276,0.12349117,0.031798102,0.03191095,3.1087022,1.8876889
54,1,4,MET+NMN+CR,2,2,D4_MET+NMN+CR_P2_2,2,0.93157023,0.21549945,749,0,29.96,0.187753141,0.040172026,8.72E-04,1.8233534,0.22263397,0.031093799,0.03410617,0.6248394,2.8268993
259,1,15,CR,4,2,D15_CR_P4_2,1,0.9898746,0.21492903,758,0,30.32,0.208308129,0.03332895,5.07E-04,1.7313691,0.08566888,0.03264758,0.037713017,3.2805593,1.4847903
147,1,8,NMN,4,1,D8_NMN_P4_1,1,1.0432564,0.21473828,741,0,29.64,0.156462274,0.04595547,8.09E-04,1.9520293,0.29093596,0.035197586,0.036062557,2.990366,1.1870683
152,1,8,NMN+CR,1,2,D8_NMN+CR_P1_2,1,1.2402428,0.2126715,751,0,30.04,0.81693111,0.04162992,0.001095806,2.0693665,0.10491049,0.04128638,0.039902437,2.281645,2.8036997
154,1,8,NMN+CR,2,2,D8_NMN+CR_P2_2,1,0.92237127,0.20644161,747,0,29.88,0.277242088,0.036717378,6.47E-04,1.8447968,0.07159123,0.030869186,0.033466216,3.2867553,0.82282144
290,1,15,MET+NMN,5,2,D15_MET+NMN_P5_2,1,0.8398435,0.20481297,736,0,29.44,0.126804027,0.03723179,4.44E-04,1.8920026,0.102606624,0.028527293,0.03015566,2.9984467,1.6771319
310,1,15,NMN,5,2,D15_NMN_P5_2,1,1.0992942,0.20195915,759,0,30.36,0.343864947,0.03300496,6.29E-04,1.9111032,0.23358117,0.036208637,0.037892915,3.2370703,1.8084192
76,1,4,NMN+CR,3,2,D4_NMN+CR_P3_2,1,1.915873,0.19924435,740,0,29.6,0.236252788,0.0322055,6.15E-04,1.6019593,0.1838709,0.06472544,0.08080784,1.5511441,0.835649
264,1,15,MET,2,1,D15_MET_P2_1,1,1.3721766,0.19907208,742,0,29.68,0.299123512,0.040054865,0.001190347,2.3775802,0.29441434,0.046232365,0.03889027,3.2721717,1.7136568
293,1,15,MET+NMN+CR,2,1,D15_MET+NMN+CR_P2_1,1,0.8599939,0.1942212,745,0,29.8,0.131272804,0.03592439,4.50E-04,1.7688633,0.032537717,0.028858854,0.03262983,3.1276457,1.7652012
372,1,18,MET+NMN+CR,4,2,D18_MET+NMN+CR_P4_2,1,0.7900893,0.19121884,754,0,30.16,0.10512732,0.048692062,5.28E-04,1.9726698,0.076377705,0.026196595,0.026559534,3.2933412,1.8972445
299,1,15,MET+NMN+CR,5,1,D15_MET+NMN+CR_P5_1,1,0.8607459,0.19085683,746,0,29.84,0.136349071,0.04045226,3.03E-04,2.051461,0.05344559,0.028845372,0.028121782,3.248595,2.0131674
357,1,18,MET+NMN,1,1,D18_MET+NMN_P1_1,1,0.7543596,0.19060607,737,0,29.48,0.112945039,0.053630847,6.25E-04,2.0520005,0.13099274,0.02558886,0.024940405,3.3071837,2.0252397
301,1,15,NMN,1,1,D15_NMN_P1_1,1,1.112641,0.19035906,740,0,29.6,0.206122058,0.040377207,8.84E-04,2.1822827,0.1360991,0.037589222,0.034449454,3.0413384,1.905132
126,1,8,MET+NMN,3,2,D8_MET+NMN_P3_2,1,0.99643314,0.19029161,750,0,30,0.131475867,0.040236764,7.50E-04,1.930198,0.054476194,0.03321444,0.034415577,2.5403025,2.4360182
131,1,8,MET+NMN+CR,1,1,D8_MET+NMN+CR_P1_1,1,1.3719702,0.18852453,741,0,29.64,0.236644642,0.03703968,6.50E-04,1.8186413,0.07474028,0.046287794,0.05090371,3.562424,1.5902141
309,1,15,NMN,5,1,D15_NMN_P5_1,1,0.95420545,0.18645711,737,0,29.48,0.182798272,0.042162776,6.51E-04,2.1950727,0.08159562,0.032367893,0.02949141,3.1465752,1.9295783
18,1,4,CR,4,2,D4_CR_P4_2,1,2.0933073,0.18529004,740,0,29.6,0.331152999,0.028598651,4.58E-04,1.5809417,0.04672775,0.07071984,0.08946547,4.089078,2.063997
238,1,12,NMN+CR,4,1,D12_NMN+CR_P4_1,1,0.94799954,0.18365657,741,0,29.64,0.190126069,0.034336884,5.82E-04,1.966962,0.14569792,0.03198379,0.032521006,3.3254266,1.3177416
6,1,4,Control,3,2,D4_Con_P3_2,1,1.0312788,0.18157655,753,0,30.12,0.156735163,0.039769523,4.91E-04,1.8766255,0.055014133,0.034239005,0.03648997,3.088419,1.3395782
302,1,15,NMN,1,2,D15_NMN_P1_2,1,0.8861423,0.17956881,756,0,30.24,0.152844284,0.03917662,6.13E-04,1.987755,0.06844838,0.029303648,0.029484166,2.832035,1.7559369
233,1,12,NMN+CR,1,2,D12_NMN+CR_P1_2,1,1.0621619,0.17816387,746,0,29.84,0.149423722,0.044018432,0.001147716,2.1121402,0.10626502,0.03559524,0.033705376,2.7497518,2.48307
209,1,12,MET+NMN,4,2,D12_MET+NMN_P4_2,1,0.9176199,0.17740902,742,0,29.68,0.128963066,0.04274063,5.84E-04,2.0057116,0.056059342,0.030917114,0.03082907,2.882543,2.147183
207,1,12,MET+NMN,3,2,D12_MET+NMN_P3_2,1,0.80467063,0.1770548,755,0,30.2,0.148509722,0.04016065,9.75E-04,1.7642822,0.33723363,0.026644723,0.030204605,3.0991948,1.8506577
230,1,12,NMN,5,1,D12_NMN_P5_1,1,0.76333064,0.16901165,750,0,30,0.114210381,0.04009395,4.55E-04,1.9818525,0.09024315,0.025444355,0.025677346,2.9992268,1.9318329
272,1,15,MET+CR,1,1,D15_MET+CR_P1_1,1,0.77590823,0.16891709,758,0,30.32,0.133243972,0.023938365,6.05E-04,1.4781101,0.075050876,0.025590641,0.034626164,3.304497,1.8575145
447,1,26,NMN+CR,2,1,D26_NMN+CR_P2_1,1,0.76989555,0.16664577,754,0,30.16,0.129435083,0.04067083,7.39E-04,1.5906821,0.064210966,0.02552704,0.032095715,3.0129309,1.8691801
300,1,15,MET+NMN+CR,5,2,D15_MET+NMN+CR_P5_2,1,0.93340534,0.16292885,759,0,30.36,0.154658034,0.03647159,9.35E-04,1.9559982,0.0784604,0.030744577,0.0314362,3.1936054,1.8920442
286,1,15,MET+NMN,3,2,D15_MET+NMN_P3_2,1,0.77079517,0.16202961,747,0,29.88,0.105908315,0.046688963,4.10E-04,2.0802536,0.048170183,0.025796358,0.024801165,3.090537,1.6943903
323,1,18,Control,2,1,D18_Con_P2_1,1,0.87672234,0.16175507,734,0,29.36,0.135276082,0.04949354,7.25E-04,1.9049352,0.11018005,0.029861115,0.031351317,2.9757242,1.9962207
388,1,18,NMN+CR,2,2,D18_NMN+CR_P2_2,1,0.72153616,0.16147219,747,0,29.88,0.106862257,0.04469511,6.99E-04,1.862979,0.09192331,0.024147797,0.025923852,3.2235227,1.6264005
110,1,8,MET,5,2,D8_MET_P5_2,1,0.90997916,0.1567323,749,0,29.96,0.182274217,0.045795526,6.20E-04,2.1116967,0.079850554,0.030373136,0.028766569,2.8898215,2.4938123
385,1,18,NMN+CR,1,1,D18_NMN+CR_P1_1,1,0.7403808,0.15506713,749,0,29.96,0.100862363,0.054481823,0.001100837,2.0990057,0.22694957,0.024712311,0.02354668,2.969768,2.2432249
247,1,15,Control,3,2,D15_Con_P3_2,1,1.0530298,0.1547396,755,0,30.2,0.151357695,0.04009578,6.48E-04,2.1445007,0.105105974,0.034868535,0.032519024,2.9749663,1.9307389
434,1,26,MET+CR,1,1,D26_MET+CR_P1,1,0.58572423,0.1546798,751,0,30.04,0.080686732,0.029764555,6.72E-04,1.1850903,0.045060065,0.019498145,0.032905754,3.2367523,2.0292227
374,1,18,MET+NMN+CR,5,2,D18_MET+NMN+CR_P5_2,1,0.83027303,0.15460426,760,0,30.4,0.155202672,0.044421595,8.24E-04,1.8623805,0.11968265,0.027311614,0.029329788,2.7412875,1.7850555
341,1,18,MET,2,1,D18_MET_P2_1,1,0.82554615,0.15251702,759,0,30.36,0.097693608,0.059506137,5.77E-04,2.0410173,0.0836435,0.027191902,0.02664544,3.2631736,1.7723219
297,1,15,MET+NMN+CR,4,1,D15_MET+NMN+CR_P4_1,1,0.95496327,0.15242948,740,0,29.6,0.174213003,0.042943835,5.14E-04,2.2010522,0.066179045,0.032262273,0.029315317,2.8540497,1.802171
366,1,18,MET+NMN,5,2,D18_MET+NMN_P5_2,1,0.6913625,0.14949389,745,0,29.8,0.100418075,0.060038224,5.39E-04,2.0504017,0.09724229,0.023200084,0.022629792,3.1805584,1.8646331
377,1,18,NMN,2,1,D18_NMN_P2_1,1,0.79777634,0.14918883,756,0,30.24,0.105910515,0.060181018,8.11E-04,2.3084,0.065007046,0.026381493,0.02285695,3.2960203,1.3818135
345,1,18,MET,4,1,D18_MET_P4_1,1,0.8557748,0.14550741,748,0,29.92,0.121935247,0.060577,1.10E-03,2.075581,0.1455275,0.028602099,0.027560571,3.2264006,1.7090632
1,1,4,Control,1,1,D4_Con_P1_1,1,1.1004843,0.1452987,752,0,30.08,0.160565588,0.039254658,7.58E-04,1.7865628,0.24245888,0.03658525,0.040956017,3.1482732,0.6257267
246,1,15,Control,3,1,D15_Con_P3_1,1,0.8378895,0.1447243,756,0,30.24,0.171750027,0.044737224,7.00E-04,2.1787634,0.099863224,0.027707985,0.025434596,3.1073368,1.6501982
329,1,18,Control,5,1,D18_Con_P5_1,1,0.75047505,0.14298634,756,0,30.24,0.133150909,0.057890356,0.001783912,2.0921667,0.17739144,0.024817297,0.023724016,2.9792495,1.8627592
335,1,18,CR,3,1,D18_CR_P3_1,1,0.8428533,0.14194305,756,0,30.24,0.132325233,0.036482606,7.29E-04,1.4826531,0.053961493,0.027872132,0.037597645,3.1132066,1.8090525
167,1,12,Control,4,1,D12_Con_P4_1,1,1.156654,0.14124203,744,0,29.76,0.22446895,0.041199334,6.71E-04,2.1572676,0.17073457,0.03886606,0.036032673,3.1191125,1.7543119
360,1,18,MET+NMN,2,2,D18_MET+NMN_P2_2,1,0.7214041,0.13709797,738,0,29.52,0.114257995,0.053164482,6.38E-04,1.9171656,0.07695008,0.024437808,0.025493683,3.161083,1.5232376
262,1,15,MET,1,1,D15_MET_P1_1,1,1.0556525,0.13701282,752,0,30.08,0.288014882,0.04214933,7.01E-04,2.0819623,0.08771586,0.03509483,0.03371322,2.8751338,1.9319752
383,1,18,NMN,5,1,D18_NMN_P5_1,1,0.7667878,0.13662665,755,0,30.2,0.112275977,0.05314129,0.001073344,2.038293,0.059222538,0.025390325,0.024913322,2.8428166,1.5449729
211,1,12,MET+NMN,5,2,D12_MET+NMN_P5_2,1,0.9436271,0.13517262,749,0,29.96,0.137478765,0.043631997,5.66E-04,2.071264,0.07654054,0.03149623,0.03041257,3.4919388,1.445933
240,1,12,NMN+CR,5,1,D12_NMN+CR_P5_1,1,0.8485007,0.1332593,751,0,30.04,0.188871287,0.035603173,6.28E-04,1.8440144,0.08206253,0.028245697,0.030635005,2.895479,1.191432
282,1,15,MET+NMN,1,2,D15_MET+NMN_P1_2,1,0.94373286,0.13230403,740,0,29.6,0.180825568,0.044220556,9.37E-04,2.1738558,0.09708198,0.031882867,0.02933301,3.0546653,1.793354
318,1,15,NMN+CR,4,2,D15_NMN+CR_P4_2,1,0.8525615,0.13181524,752,0,30.08,0.282749301,0.04169788,8.01E-04,2.099908,0.075725265,0.028343134,0.026994642,2.9715886,1.7096179
33,1,4,MET+CR,2,1,D4_MET+CR_P2_1,1,0.5916981,0.12974319,749,0,29.96,0.084241881,0.02923648,1.99E-04,1.5234175,0.0695157,0.019749602,0.025928024,2.301992,1.3255033
192,1,12,MET+CR,1,1,D12_MET+CR_P1_1,1,0.98737454,0.12832254,739,0,29.56,0.149740337,0.027581666,4.98E-04,1.4847862,0.07463386,0.033402387,0.04499286,2.8862114,1.9432899
296,1,15,MET+NMN+CR,3,2,D15_MET+NMN+CR_P3_2,1,0.88298076,0.12729937,750,0,30,0.211888994,0.04184723,7.76E-04,2.080396,0.1160334,0.029432692,0.02829528,2.9314759,1.9705926
435,1,26,MET+NMN,1,1,D26_MET+NMN_P1_1,1,0.9596245,0.12651882,734,0,29.36,0.120303524,0.046057943,7.63E-04,1.9658692,0.20548014,0.03268476,0.033252224,2.9816444,1.7937487
190,1,12,MET,5,1,D12_MET_P5_1,1,0.837897,0.12430067,752,0,30.08,0.121085451,0.044732045,6.85E-04,2.12798,0.069357775,0.027855618,0.02618034,3.2720594,1.6768003
249,1,15,Control,4,2,D15_Con_P4_2,1,1.101339,0.122926526,744,0,29.76,0.205134554,0.044511143,7.35E-04,2.1656058,0.11284841,0.037007358,0.034177374,2.9206903,1.8063846
162,1,12,Control,1,2,D12_Con_P1_2,1,0.76705074,0.12200136,748,0,29.92,0.129560591,0.043541938,5.20E-04,2.120543,0.056034673,0.025636721,0.024179395,2.9697642,1.9481603
202,1,12,MET+NMN,1,1,D12_MET+NMN_P1_1,1,0.91215086,0.121907435,744,0,29.76,0.157587335,0.041594557,0.001110386,1.9507012,0.044459373,0.03065023,0.03142483,3.0427048,1.9206511
163,1,12,Control,2,1,D12_Con_P2_1,1,0.79393625,0.120096296,753,0,30.12,0.132490881,0.039941564,5.72E-04,1.9375548,0.08638004,0.026359105,0.027208628,3.045317,1.8140241
170,1,12,Control,5,2,D12_Con_P5_2,1,0.83584857,0.11802231,735,0,29.4,0.151607243,0.040430658,5.99E-04,1.8280017,0.045047257,0.028430223,0.031105248,3.2562988,1.7514746
164,1,12,Control,2,2,D12_Con_P2_2,1,0.8780472,0.1146032,757,0,30.28,0.143279671,0.04749856,8.66E-04,2.074742,0.06054023,0.028997596,0.027952965,3.1410134,1.9080744
14,1,4,CR,2,2,D4_CR_P2_2,1,0.6610655,0.11036187,749,0,29.96,0.113093271,0.029193172,3.84E-04,1.4628229,0.12302287,0.022064937,0.030167613,2.4986281,2.8002107
364,1,18,MET+NMN,4,2,D18_MET+NMN_P4_2,1,0.79857415,0.10915643,755,0,30.2,0.134757452,0.050205536,7.50E-04,2.3167984,0.26917195,0.026442854,0.022827063,3.380142,1.9035771
284,1,15,MET+NMN,2,2,D15_MET+NMN_P2_2,1,0.8958665,0.10848024,757,0,30.28,0.121639587,0.04361051,8.40E-04,2.1130688,0.07051472,0.02958608,0.028002951,2.6303542,1.4268315
339,1,18,MET,1,1,D18_MET_P1_1,1,0.73384655,0.10803296,747,0,29.88,0.106024905,0.05625707,6.93E-04,2.0454817,0.18014528,0.02455979,0.024013698,2.8829947,1.7670684
314,1,15,NMN+CR,2,2,D15_NMN+CR_P2_2,1,0.9945891,0.10802886,745,0,29.8,0.145395438,0.035583068,6.17E-04,1.8380805,0.06953514,0.03337547,0.03631557,2.7007139,1.7234495
245,1,15,Control,2,2,D15_Con_P2_2,1,0.86454165,0.10779,746,0,29.84,0.109769055,0.045641012,6.83E-04,2.1998322,0.10642282,0.028972575,0.026340714,3.1012774,1.9284381
187,1,12,MET,4,1,D12_MET_P4_1,1,0.86884224,0.10697786,758,0,30.32,0.135242834,0.042211346,8.22E-04,1.9943937,0.07233309,0.028655747,0.028736299,2.9867663,1.4632101
250,1,15,Control,5,1,D15_Con_P5_1,1,1.0036352,0.10388176,750,0,30,0.358736818,0.041013137,8.08E-04,2.1356082,0.10255559,0.033454504,0.03133019,2.8675609,2.0530682
253,1,15,CR,1,2,D15_CR_P1_2,1,0.9696925,0.103535675,756,0,30.24,0.208362122,0.029149607,6.16E-04,1.5217419,0.27186757,0.03206655,0.042144533,2.4106357,1.7426268
340,1,18,MET,1,2,D18_MET_P1_2,1,0.8210468,0.102781445,755,0,30.2,0.154958409,0.06449252,9.04E-04,2.2714815,0.17247547,0.027186982,0.023937667,2.9645667,1.882652
123,1,8,MET+NMN,2,1,D8_MET+NMN_P2_1,1,0.72849023,0.10262712,740,0,29.6,0.11171872,0.045403767,6.06E-04,2.0752442,0.06688793,0.024611156,0.023718804,2.3944874,1.4303511
382,1,18,NMN,4,2,D18_NMN_P4_2,1,0.80874664,0.10175458,756,0,30.24,0.11776106,0.06273935,6.66E-04,1.9526999,0.066586904,0.026744267,0.027392091,3.0278268,1.8799419
102,1,8,MET,1,2,D8_MET_P1_2,1,0.86654127,0.10125753,740,0,29.6,0.133638491,0.04200835,6.05E-04,1.9956468,0.097692445,0.029275043,0.0293389,3.443456,1.6329452
375,1,18,NMN,1,1,D18_NMN_P1_1,1,0.79836416,0.10124986,745,0,29.8,0.13241024,0.05863406,9.08E-04,2.4511082,0.15415853,0.026790744,0.021860108,3.3420749,1.5542475
188,1,12,MET,4,2,D12_MET_P4_2,1,0.71602136,0.10076112,748,0,29.92,0.140994787,0.043866493,7.23E-04,2.072624,0.075164355,0.023931194,0.023092655,2.8109334,1.8898195
283,1,15,MET+NMN,2,1,D15_MET+NMN_P2_1,1,0.7140741,0.10049454,746,0,29.84,0.10843057,0.04172739,4.78E-04,2.0219314,0.08772913,0.023930097,0.023670532,2.9545364,1.6820852
208,1,12,MET+NMN,4,1,D12_MET+NMN_P4_1,1,0.7044729,0.09704093,755,0,30.2,0.102876022,0.043891706,6.26E-04,2.0186841,0.05680545,0.023326918,0.023111014,3.0118072,1.9183602
342,1,18,MET,2,2,D18_MET_P2_2,1,0.90830725,0.09415206,739,0,29.56,0.130934885,0.060717046,7.36E-04,2.14421,0.07710544,0.030727578,0.028660977,3.356801,1.9297085
222,1,12,NMN,1,1,D12_NMN_P1_1,1,0.53717476,0.09415095,738,0,29.52,0.071969628,0.046370193,5.86E-04,2.0203698,0.053036127,0.018196976,0.01801351,3.033993,1.6295215
343,1,18,MET,3,1,D18_MET_P3_1,1,0.90310127,0.094095476,759,0,30.36,0.197465136,0.062633134,1.05E-03,2.0968924,0.12440561,0.029746419,0.028371906,3.2097838,1.8156627
427,1,26,CR,3,1,D26_CR_P3,1,0.6308774,0.092338815,738,0,29.52,0.089149002,0.037494384,0.002248462,1.2745402,0.23720774,0.021371186,0.03353552,3.2806172,1.6222005
338,1,18,CR,5,2,D18_CR_P5_2,1,0.47868362,0.09223824,755,0,30.2,0.112921291,0.030192183,0.003107572,0.98819304,0.20643754,0.01585045,0.032079663,2.8653717,1.6901766
315,1,15,NMN+CR,3,1,D15_NMN+CR_P3_1,1,0.7964485,0.09179368,741,0,29.64,0.123933959,0.029310755,4.14E-04,1.8499289,0.15796418,0.026870733,0.029050557,3.1188211,1.8851347
308,1,15,NMN,4,2,D15_NMN_P4_2,1,0.95186526,0.090362124,741,0,29.64,0.161139225,0.04467296,5.40E-04,2.3310611,0.1823092,0.03211421,0.0275533,2.781661,1.7899925
292,1,15,MET+NMN+CR,1,2,D15_MET+NMN+CR_P1_2,1,0.9115478,0.09008769,740,0,29.6,0.157390581,0.037739273,4.16E-04,1.9207189,0.063554905,0.030795533,0.032066673,2.7746415,1.8174828
378,1,18,NMN,2,2,D18_NMN_P2_2,1,0.8311474,0.0898624,737,0,29.48,0.110744359,0.05716732,0.001267588,2.5512924,0.17013013,0.0281936,0.022101426,2.9044697,1.8037633
251,1,15,Control,5,2,D15_Con_P5_2,1,0.892031,0.08814251,737,0,29.48,0.138505409,0.046349056,6.32E-04,2.119678,0.09905579,0.030258853,0.028550424,3.0039697,1.8599643
406,1,24,MET+NMN,1,1,D24_MET+NMN_P1_1,1,0.80467445,0.08671096,737,0,29.48,0.108410139,0.05310755,6.74E-04,2.089829,0.17220293,0.027295606,0.026122335,3.1857367,1.9855162
326,1,18,Control,3,2,D18_Con_P3_2,1,0.8483237,0.08669802,750,0,30,0.110286253,0.061414376,2.00E-03,1.9766906,0.12769382,0.028277457,0.028610906,3.0585532,1.9110317
266,1,15,MET,3,1,D15_MET_P3_1,1,1.0850526,0.08445994,738,0,29.52,0.211581984,0.044458244,0.001043536,2.4234896,0.14288865,0.036756523,0.030333554,3.2736418,2.0568464
218,1,12,MET+NMN+CR,4,1,D12_MET+NMN+CR_P4_1,1,0.8582182,0.083660685,750,0,30,0.146602176,0.03990798,9.28E-04,2.0561306,0.12741096,0.028607272,0.027826319,3.2180662,2.731051
420,1,24,NMN,5,1,D24_NMN_P5,1,0.9500772,0.08341676,748,0,29.92,0.119688443,0.04551981,7.55E-04,1.8870623,0.1631839,0.031753916,0.033654336,3.338184,1.722736
424,2,24,NMN+CR,2,2,D24_NMN+CR_P2_2,1,0.52040476,0.08314201,749,0,29.96,0.068954704,0.033355955,0.002421345,0.99288666,0.13426743,0.017369986,0.034988858,3.0715253,1.9816759
305,1,15,NMN,3,1,D15_NMN_P3_1,1,0.74804157,0.079544604,749,0,29.96,0.105892809,0.040834025,0.001024977,1.9460008,0.13601698,0.02496801,0.02566084,3.4681282,1.7739819
182,1,12,MET,1,2,D12_MET_P1_2,1,0.95038486,0.078038186,746,0,29.84,0.261160242,0.044780347,7.88E-04,2.1468263,0.15146454,0.03184936,0.029671108,2.7733326,2.1385992
397,1,24,Control,5,1,D24_Con_P5,1,0.7081807,0.07709554,774,0,30.96,0.09188432,0.04382018,6.99E-04,1.7022403,0.09747026,0.022874054,0.026875233,2.9852276,2.0271823
288,1,15,MET+NMN,4,2,D15_MET+NMN_P4_2,1,0.7998185,0.07684326,745,0,29.8,0.120714644,0.041691504,8.42E-04,2.013252,0.088136345,0.026839547,0.026662877,3.0788167,1.935898
145,1,8,NMN,3,1,D8_NMN_P3_1,1,0.864449,0.076208256,739,0,29.56,0.155873538,0.047867965,5.11E-04,2.1477475,0.054985303,0.029243877,0.027232137,2.695607,1.8191838
346,1,18,MET,4,2,D18_MET_P4_2,1,0.7551791,0.075950086,752,0,30.08,0.097934925,0.06424673,8.12E-04,2.1277869,0.084141865,0.025105687,0.023597933,3.3620436,1.86099
386,1,18,NMN+CR,1,2,D18_NMN+CR_P1_2,1,0.81034446,0.07554399,736,0,29.44,0.128836441,0.058134273,7.24E-04,2.2004704,0.1317031,0.027525287,0.025017638,3.0767374,2.2574582
483,2,34,MET+NMN+CR,3,2,D34_MET+NMN+CR_P3_2,1,0.63746893,0.07535489,740,0,29.6,0.077523565,0.045163617,5.46E-04,1.7544582,0.0571254,0.021536112,0.024550157,2.9860766,1.8113269
128,1,8,MET+NMN,4,2,D8_MET+NMN_P4_2,1,1.0590497,0.073959194,755,0,30.2,0.187959417,0.043720957,5.57E-04,2.0578763,0.07584555,0.03506787,0.034081616,3.3302364,2.1606724
248,1,15,Control,4,1,D15_Con_P4_1,1,1.0014799,0.070715226,763,0,30.52,0.429878198,0.041525077,0.001094417,2.0276222,0.12656906,0.032813888,0.032366864,2.9215612,1.6909231
269,1,15,MET,4,2,D15_MET_P4_2,1,1.0555819,0.06875023,755,0,30.2,0.224015,0.04493422,7.30E-04,2.3348668,0.10692401,0.034953043,0.029940076,3.145935,1.898092
191,1,12,MET,5,2,D12_MET_P5_2,1,0.8979668,0.068269566,750,0,30,0.16240495,0.04324253,5.19E-04,2.016849,0.07901767,0.029932227,0.029682169,2.9494138,1.8894286
325,2,18,Control,3,1,D18_Con_P3_1,1,0.80108374,0.067950346,743,0,29.72,0.142584881,0.062414933,1.36E-03,2.0646029,0.19340982,0.026954364,0.026110945,3.2391171,1.8473738
321,2,18,Control,1,1,D18_Con_P1_1,1,0.73954785,0.067045905,755,0,30.2,0.090843433,0.063917466,4.81E-04,2.0064433,0.086173,0.02448834,0.024409702,3.007319,1.8035814
446,1,26,NMN+CR,1,2,D26_NMN+CR_P1_2,1,0.9307286,0.066527404,736,0,29.44,0.165929657,0.053029742,4.96E-04,2.0695012,0.09084543,0.031614423,0.0305527,3.1265302,1.820491
203,1,12,MET+NMN,1,2,D12_MET+NMN_P1_2,1,1.042876,0.0655417,749,0,29.96,0.167404406,0.041437015,7.17E-04,2.123198,0.20159984,0.034808945,0.032789167,3.0752103,2.3479567
390,1,18,NMN+CR,3,2,D18_NMN+CR_P3_2,1,0.739502,0.06326152,759,0,30.36,0.131758209,0.044131257,0.001148681,1.685027,0.24581178,0.024357773,0.02891084,3.3050008,1.8066722
227,1,12,NMN,3,2,D12_NMN_P3_2,1,1.2806236,0.062632285,748,0,29.92,0.166139228,0.039897706,7.51E-04,1.8666503,0.074004814,0.04280159,0.045859247,3.0245614,1.9867417
161,1,12,Control,1,1,D12_Con_P1_1,1,0.94865435,0.059934158,744,0,29.76,0.25010549,0.042881,5.89E-04,2.161829,0.089191906,0.031876825,0.029490609,3.1262443,1.8564167
402,2,24,MET,2,2,D24_MET_P2_2,1,0.86290723,0.059707917,746,0,29.84,0.126354024,0.051058907,6.37E-04,1.9120946,0.11001823,0.028917804,0.03024725,2.9526787,2.121566
344,2,18,MET,3,2,D18_MET_P3_2,1,0.81087446,0.057766557,746,0,29.84,0.119826279,0.06455613,6.04E-04,2.164291,0.10003813,0.027174078,0.025111299,3.0316594,1.5560474
307,2,15,NMN,4,1,D15_NMN_P4_1,1,1.1252874,0.057201773,742,0,29.68,0.215515285,0.041778848,8.28E-04,2.5057964,0.11715181,0.037913997,0.030261036,3.2444422,1.951612
166,1,12,Control,3,2,D12_Con_P3_2,1,0.9296267,0.056889072,745,0,29.8,0.19021912,0.04363143,7.14E-04,2.1241875,0.08012473,0.031195527,0.029371727,2.63903,2.063843
267,2,15,MET,3,2,D15_MET_P3_2,1,1.1312817,0.056700293,757,0,30.28,0.140192627,0.04194861,5.95E-04,2.358355,0.12202468,0.037360694,0.031683687,3.0520728,1.9098239
430,2,26,MET,2,1,D26_MET_P2_1,1,0.7017958,0.0547945,739,0,29.56,0.082041358,0.047865674,8.11E-04,2.077267,0.12019038,0.023741402,0.022858305,3.1744907,1.6151977
151,1,8,NMN+CR,1,1,D8_NMN+CR_P1_1,1,0.95654,0.0533428,747,0,29.88,0.210413057,0.04105936,6.57E-04,1.9987252,0.07447797,0.03201272,0.032033134,2.843205,1.9614005
228,2,12,NMN,4,1,D12_NMN_P4_1,1,0.814951,0.050017275,750,0,30,0.274226395,0.046070896,9.05E-04,2.0877748,0.085720874,0.027165033,0.026022956,2.9424222,1.6197555
281,2,15,MET+NMN,1,1,D15_MET+NMN_P1_1,1,0.91730404,0.049734853,747,0,29.88,0.161265396,0.041700702,8.12E-04,2.1720731,0.09017737,0.0306996,0.028267559,3.191306,2.1033676
242,2,15,Control,1,1,D15_Con_P1_1,1,1.0379606,0.047677714,756,0,30.24,0.151706394,0.039048582,9.33E-04,2.2494571,0.22521283,0.0343241,0.03051767,3.105716,1.7689105
186,2,12,MET,3,2,D12_MET_P3_2,1,0.9899098,0.047000967,767,0,30.68,0.21173032,0.03666755,6.86E-04,2.156561,0.1466384,0.03226564,0.029923234,3.088334,1.8220587
239,1,12,NMN+CR,4,2,D12_NMN+CR_P4_2,1,0.88033503,0.044169772,752,0,30.08,0.203547068,0.04170168,0.001107116,2.1635456,0.08957059,0.029266458,0.02705416,3.2369723,1.2040901
285,2,15,MET+NMN,3,1,D15_MET+NMN_P3_1,1,0.74086946,0.043785222,736,0,29.44,0.165748969,0.04416031,3.71E-04,2.0176156,0.045330893,0.025165403,0.024945686,3.0166316,1.6198562
437,2,26,MET+NMN+CR,3,1,D26_MET+NMN+CR_P3_1,1,0.92561686,0.04373282,734,0,29.36,0.141980255,0.05634761,6.26E-04,2.0964952,0.09963535,0.03152646,0.030075395,3.1650872,1.7305264
295,2,15,MET+NMN+CR,3,1,D15_MET+NMN+CR_P3_1,1,0.8700312,0.04292121,733,0,29.32,0.184891268,0.03738467,9.38E-04,2.1402059,0.13618967,0.029673643,0.027729709,3.3738654,1.7004712
104,1,8,MET,2,2,D8_MET_P2_2,1,0.9759036,0.042423077,749,0,29.96,0.20142775,0.04539304,7.66E-04,1.9913799,0.069404915,0.03257355,0.032714553,2.7047286,1.3732034
359,2,18,MET+NMN,2,1,D18_MET+NMN_P2_1,1,0.7168813,0.04202686,739,0,29.56,0.103459647,0.05526248,8.87E-04,1.9583049,0.082933426,0.024251733,0.024768088,2.7527194,1.8262433
403,2,24,MET,4,1,D24_MET_P4_1,1,0.82235146,0.041764855,734,0,29.36,0.111669372,0.04336723,0.001040073,1.7259272,0.11339369,0.028009245,0.03245704,3.3720436,1.6852849
260,2,15,CR,5,1,D15_CR_P5_1,1,0.5275231,0.040897366,746,0,29.84,0.051545043,0.02825084,2.90E-04,1.4707818,0.058014378,0.017678387,0.024039444,3.2754676,1.4681208
231,1,12,NMN,5,2,D12_NMN_P5_2,1,0.89839643,0.037955593,742,0,29.68,0.126508065,0.042008806,4.96E-04,2.0636125,0.06634299,0.030269422,0.029336343,3.0719671,1.8069084
442,2,26,NMN,2,1,D26_NMN_P2,1,0.72910744,0.0370431,752,0,30.08,0.10262531,0.032504756,3.70E-04,1.3596416,0.053916316,0.024238946,0.035654906,3.0964797,1.7764409
158,1,8,NMN+CR,4,2,D8_NMN+CR_P4_2,1,1.2142198,0.03686313,743,0,29.72,0.77297953,0.03995099,8.31E-04,1.9014612,0.084596455,0.04085531,0.042972542,2.6225116,2.7194502
193,1,12,MET+CR,1,2,D12_MET+CR_P1_2,1,0.8580631,0.036436483,737,0,29.48,0.160213525,0.027730858,4.37E-04,1.6194198,0.09176109,0.029106619,0.035946973,3.2417808,1.3271149
365,2,18,MET+NMN,5,1,D18_MET+NMN_P5_1,1,0.8693293,0.03638193,752,0,30.08,0.123484409,0.05434528,9.08E-04,2.0758128,0.059433114,0.028900575,0.027845068,3.2806902,2.0169747
470,2,30,NMN,5,1,D30_NMN_P5,1,0.8792074,0.035940815,737,0,29.48,0.114340184,0.040127363,3.79E-04,1.7339308,0.054198615,0.02982386,0.034400288,3.0970242,1.8080429
391,2,18,NMN+CR,4,1,D18_NMN+CR_P4_1,1,0.5477014,0.035713773,756,0,30.24,0.085101539,0.04880921,4.68E-04,1.840969,0.045574438,0.01811182,0.019676398,3.186391,1.6017412
425,2,24,NMN+CR,4,1,D24_NMN+CR_P4,1,0.70585454,0.035596963,742,0,29.68,0.108367391,0.047675967,0.001324329,2.3001795,0.32178482,0.02378216,0.020678526,3.0938892,1.7216942
312,2,15,NMN+CR,1,2,D15_NMN+CR_P1_2,1,1.3972288,0.034145933,757,0,30.28,0.199924875,0.038327437,6.89E-04,2.372268,0.16226391,0.04614362,0.038902536,2.780388,1.7938514
319,2,15,NMN+CR,5,1,D15_NMN+CR_P5_1,1,0.5615184,0.032885943,736,0,29.44,0.114914507,0.031345267,4.69E-04,1.6126477,0.067604266,0.019073315,0.023654658,2.8688552,1.7484199
417,2,24,NMN,2,1,D24_NMN_P2_1,1,0.8661307,0.032126162,758,0,30.32,0.105835334,0.042855494,5.85E-04,1.7153677,0.0827281,0.028566316,0.033306345,2.9299886,1.7572936
223,1,12,NMN,1,2,D12_NMN_P1_2,1,0.9131216,0.03170865,744,0,29.76,0.152367644,0.042800196,8.06E-04,2.063304,0.09062879,0.030682849,0.029741472,3.1279464,2.1310492
358,2,18,MET+NMN,1,2,D18_MET+NMN_P1_2,1,0.786339,0.0315552,737,0,29.48,0.107772066,0.051774114,6.64E-04,1.9834138,0.12420725,0.026673643,0.026896698,3.2350333,1.9446045
142,1,8,NMN,1,2,D8_NMN_P1_2,1,0.7379062,0.030840363,749,0,29.96,0.172946311,0.045698605,6.35E-04,2.0744739,0.039499097,0.024629714,0.023745503,2.1819563,1.2152852
327,1,18,Control,4,1,D18_Con_P4_1,1,0.84992534,0.0301846,752,0,30.08,0.125821144,0.060926557,1.73E-03,2.4114182,0.13774404,0.028255498,0.023434756,3.105917,1.8493689
324,2,18,Control,2,2,D18_Con_P2_2,1,0.93901443,0.029955862,758,0,30.32,0.127283088,0.06607218,7.58E-04,2.1512954,0.12772697,0.030970132,0.028792078,2.8273544,1.6913115
421,2,24,NMN+CR,1,1,D24_NMN+CR_P1_1,1,0.75533026,0.02989687,751,0,30.04,0.155764644,0.049654923,6.38E-04,2.1625674,0.30891076,0.02514415,0.023253983,3.1868596,1.8834687
456,2,28,MET+NMN+CR,5,1,D28_MET+NMN+CR_P5_1,1,1.0275675,0.029810954,762,0,30.48,0.143307017,0.04824626,7.50E-04,2.10695,0.117292315,0.033712845,0.032001562,3.2773917,1.9214214
422,2,24,NMN+CR,1,2,D24_NMN+CR_P1_2,1,0.95983905,0.02948959,760,0,30.4,0.11873662,0.052532777,8.06E-04,2.2871828,0.29107484,0.031573653,0.027609209,2.8680236,1.6557659
387,3,18,NMN+CR,2,1,D18_NMN+CR_P2_1,1,0.5270299,0.028012061,750,0,30,0.065690337,0.04307232,3.76E-04,1.7073454,0.054299343,0.017567663,0.02057892,3.4908154,1.8303661
392,2,18,NMN+CR,4,2,D18_NMN+CR_P4_2,1,0.7063414,0.027043756,747,0,29.88,0.134325225,0.054221027,0.001032585,1.9712116,0.06976484,0.023639271,0.023984509,3.208639,2.1646488
407,2,24,MET+NMN,1,2,D24_MET+NMN_P1_2,1,0.9698997,0.026409142,754,0,30.16,0.144574337,0.05241582,7.47E-04,2.243206,0.18236907,0.03215848,0.02867189,2.727969,1.7889241
368,2,18,MET+NMN+CR,2,1,D18_MET+NMN+CR_P2,1,0.605509,0.02636235,751,0,30.04,0.080343965,0.03775353,5.67E-04,1.4871185,0.037144087,0.020156756,0.027108474,3.232808,1.9220417
432,2,26,MET,4,1,D26_MET_P4_1,1,0.8898207,0.026246106,758,0,30.32,0.129096373,0.0435205,0.001168983,1.6565734,0.032373805,0.029347649,0.03543175,3.2954657,1.6818587
395,2,24,Control,3,1,D24_Con_P3_1,1,0.90538216,0.025155503,739,0,29.56,0.109369925,0.061545085,6.14E-04,2.1867907,0.050677218,0.030628625,0.028012399,3.040186,1.8263663
298,1,15,MET+NMN+CR,4,2,D15_MET+NMN+CR_P4_2,1,0.7862506,0.025137337,754,0,30.16,0.140314037,0.04155712,4.65E-04,1.9897492,0.0692427,0.026069317,0.026203621,2.7412398,2.0687234
317,2,15,NMN+CR,4,1,D15_NMN+CR_P4_1,1,0.85545963,0.024539929,744,0,29.76,0.124182459,0.04286341,6.26E-04,2.1226354,0.08122537,0.028745284,0.027084522,3.204575,1.9006578
243,2,15,Control,1,2,D15_Con_P1_2,1,0.9865954,0.024507252,738,0,29.52,0.281031826,0.04192006,5.64E-04,2.3037224,0.17383562,0.033421252,0.029014999,3.1086247,1.7952949
448,2,26,NMN+CR,2,2,D26_NMN+CR_P2_2,1,0.9598139,0.023306238,741,0,29.64,0.149295141,0.04729131,3.87E-04,1.8409452,0.0952107,0.032382384,0.03518017,3.0692432,1.7235932
328,2,18,Control,4,2,D18_Con_P4_2,1,0.78177154,0.021759097,742,0,29.68,0.097457384,0.057250816,4.26E-04,2.3294806,0.22617419,0.026340012,0.022614492,2.902955,1.7536772
405,1,24,MET+CR,1,1,D24_MET+CR_P1,1,0.6754102,0.021355635,751,0,30.04,0.101669598,0.036047854,5.20E-04,1.475001,0.091752864,0.022483695,0.030486345,3.2369475,1.8301476
480,2,32,NMN+CR,2,1,D32_NMN+CR_P2_1,1,0.5771958,0.020995395,736,0,29.44,0.070120121,0.04322425,6.82E-04,1.5492791,0.03315514,0.019605838,0.025309626,3.077381,1.8835007
438,2,26,MET+NMN+CR,3,2,D26_MET+NMN+CR_P3_2,1,0.9562574,0.02089099,752,0,30.08,0.160214724,0.05265495,9.26E-04,2.1541939,0.08587224,0.031790473,0.029514961,3.4493709,1.8509036
348,2,18,MET,5,2,D18_MET_P5_2,1,0.8079542,0.019964838,753,0,30.12,0.120072404,0.060708337,6.80E-04,2.080026,0.11182084,0.026824508,0.025792476,3.0750396,2.303954
244,2,15,Control,2,1,D15_Con_P2_1,1,1.0740545,0.019497426,746,0,29.84,0.13804232,0.04141117,6.98E-04,2.2160835,0.085307024,0.035993785,0.03248414,3.0366938,1.6245128
441,2,26,MET+NMN+CR,5,2,D26_MET+NMN+CR_P5_2,1,0.8205618,0.018936317,746,0,29.84,0.100489345,0.046840273,3.27E-04,1.9219056,0.021262959,0.027498722,0.028616099,3.246605,1.7334031
400,2,24,MET,1,2,D24_MET_P1_2,1,1.2074558,0.01862027,758,0,30.32,0.16170633,0.04492548,0.001088709,1.9929062,0.1971603,0.039823737,0.03996549,3.1433136,2.0471525
265,2,15,MET,2,2,D15_MET_P2_2,1,1.1665578,0.01830723,742,0,29.68,0.192889653,0.04517781,5.74E-04,2.4040196,0.1277291,0.039304506,0.03269899,3.1411529,1.7988039
271,2,15,MET,5,2,D15_MET_P5_2,1,0.83967143,0.017966509,737,0,29.48,0.125464797,0.04378186,5.07E-04,2.188925,0.059921883,0.02848275,0.026024418,2.9148266,2.0657372
370,2,18,MET+NMN+CR,3,2,D18_MET+NMN+CR_P3_2,1,0.8206351,0.017852852,750,0,30,0.136841065,0.045372527,6.04E-04,2.1067114,0.16842039,0.027354503,0.025968913,2.9062328,1.7180727
401,3,24,MET,2,1,D24_MET_P2_1,1,1.1246607,0.017389826,757,0,30.28,0.137849024,0.046617486,5.05E-04,1.8284268,0.039498586,0.03714203,0.040627312,2.9119692,1.6127502
418,2,24,NMN,2,2,D24_NMN_P2_2,1,0.88090366,0.017136266,756,0,30.24,0.123343687,0.038115464,4.92E-04,1.8738962,0.16779245,0.029130412,0.031090744,2.9647431,1.8880392
413,2,24,MET+NMN+CR,4,1,D24_MET+NMN+CR_P4_1,1,0.9264509,0.016436778,749,0,29.96,0.118193624,0.056507897,9.74E-04,2.101972,0.11195294,0.030922927,0.029422777,3.0486567,1.6934055
469,2,30,MET+NMN+CR,5,2,D30_MET+NMN+CR_P5_2,1,0.90344334,0.015821481,733,0,29.32,0.140910409,0.042300254,9.36E-04,1.9506,0.24782309,0.03081321,0.03159357,2.96136,1.8443986
440,2,26,MET+NMN+CR,5,1,D26_MET+NMN+CR_P5_1,1,0.9064451,0.015475308,735,0,29.4,0.112557772,0.04306083,4.32E-04,2.1094933,0.32516402,0.030831465,0.029231157,3.0375135,1.7123797
398,1,24,CR,3,1,D24_CR_P3,1,0.7211191,0.014605624,758,0,30.32,0.179285579,0.04070639,5.05E-04,1.6062076,0.075975366,0.023783611,0.029614616,2.855839,2.0313795
175,1,12,CR,3,1,D12_CR_P3_1,1,0.7278193,0.014430293,751,0,30.04,0.139592355,0.03258859,7.49E-04,1.6541137,0.20654808,0.024228338,0.02929465,3.0811763,1.5550543
416,2,24,MET+NMN+CR,5,2,D24_MET+NMN+CR_P5_2,1,0.723555,0.013941467,745,0,29.8,0.108623365,0.05299393,5.46E-04,2.0212157,0.07198233,0.02428037,0.02402551,2.9625194,1.7408317
379,2,18,NMN,3,1,D18_NMN_P3_1,1,0.6241986,0.013231317,734,0,29.36,0.088188151,0.06118485,3.74E-04,1.8587835,0.08325815,0.02126017,0.02287536,3.0525627,1.7260118
396,2,24,Control,3,2,D24_Con_P3_2,1,0.87118983,0.012876866,757,0,30.28,0.112483767,0.050552934,3.35E-04,1.9655691,0.1293802,0.02877113,0.029275116,3.180623,1.7811368
258,1,15,CR,4,1,D15_CR_P4_1,1,0.5509514,0.012847813,752,0,30.08,0.080433895,0.028463528,3.44E-04,1.3762167,0.05731102,0.018316204,0.026618196,3.1436908,1.7004901
174,1,12,CR,2,2,D12_CR_P2_2,1,2.131964,0.012307826,758,0,30.32,1.366338413,0.03057431,0.002509842,1.7991875,0.46856135,0.070315436,0.07816354,2.815745,2.0990055
428,2,26,MET,1,1,D26_MET_P1_1,1,0.91274786,0.010671757,755,0,30.2,0.13577881,0.037550457,9.87E-04,1.4210926,0.14828116,0.030223439,0.042535495,3.1979375,1.9086496
337,3,18,CR,5,1,D18_CR_P5_1,1,0.4786647,0.009933299,759,0,30.36,0.061882072,0.026338466,1.81E-04,1.0376823,0.00899367,0.015766295,0.030387517,2.8970666,1.1566182
331,2,18,CR,1,1,D18_CR_P1_1,1,0.2888007,0.009740561,754,0,30.16,0.02764368,0.023595903,3.46E-04,0.61700124,0.03431238,0.009575619,0.031039225,3.3634272,2.0172985
439,3,26,MET+NMN+CR,4,1,D26_MET+NMN+CR_P4,1,0.8315811,0.009326577,750,0,30,0.109534629,0.049855635,0.001759656,2.1333804,0.09093876,0.027719371,0.025986338,3.204691,1.8628622
477,2,32,MET+NMN+CR,5,2,D32_MET+NMN+CR_P5_2,1,0.63914233,0.0091598,738,0,29.52,0.082999194,0.047007844,4.50E-04,1.7263654,0.050769486,0.021651164,0.025082944,3.049961,1.8306227
458,2,28,NMN,5,1,D28_NMN_P5,1,0.90275973,0.008969595,751,0,30.04,0.133095786,0.043803733,3.74E-04,2.0393357,0.20138662,0.030051922,0.029472265,3.028677,1.8537105
404,2,24,MET,4,2,D24_MET_P4_2,1,0.94255805,0.008545917,746,0,29.84,0.135124626,0.051780693,7.99E-04,1.9610445,0.08721498,0.031587064,0.03221453,3.0680032,1.9287165
473,2,30,NMN+CR,2,2,D30_NMN+CR_P2_2,1,1.0281827,0.008529292,755,0,30.2,0.188282889,0.04142128,4.70E-04,2.024574,0.18949397,0.034045786,0.03363254,2.9920895,1.745737
453,3,28,MET+NMN,1,1,D28_MET+NMN_P1,1,1.130861,0.008403434,751,0,30.04,0.180315075,0.04602045,2.78E-04,2.194535,0.07127505,0.037645176,0.034308113,3.0698414,1.7720383
311,2,15,NMN+CR,1,1,D15_NMN+CR_P1_1,1,0.7941754,0.008317662,758,0,30.32,0.10297941,0.041402265,3.20E-04,2.0508778,0.086696774,0.02619312,0.025543325,3.456374,2.0080292
291,1,15,MET+NMN+CR,1,1,D15_MET+NMN+CR_P1_1,1,0.6852664,0.008025728,737,0,29.48,0.093187561,0.034066778,4.62E-04,1.6893982,0.06410035,0.023245128,0.027518827,2.837381,1.6678945
467,2,30,MET+NMN+CR,3,2,D30_MET+NMN+CR_P3_2,1,1.0664332,0.007893436,752,0,30.08,0.228082668,0.038622566,3.52E-04,1.7085333,0.030870719,0.03545323,0.041501366,2.9779596,1.9141262
322,3,18,Control,1,2,D18_Con_P1_2,1,0.930967,0.007744171,759,0,30.36,0.14042129,0.06435692,3.49E-04,1.9608195,0.019147415,0.030664261,0.031276986,3.0635374,1.8911144
411,2,24,MET+NMN+CR,3,1,D24_MET+NMN+CR_P3_1,1,0.8064535,0.007581385,746,0,29.84,0.138093275,0.052541025,8.15E-04,2.2073286,0.14349864,0.027025921,0.024487449,3.1094213,1.6622549
433,3,26,MET,4,2,D26_MET_P4_2,1,0.6542197,0.007487408,757,0,30.28,0.072374276,0.03768148,2.88E-04,1.4226155,0.0366206,0.02160567,0.030374574,3.120804,1.7293446
306,2,15,NMN,3,2,D15_NMN_P3_2,1,1.1801435,0.00748639,747,0,29.88,0.169756915,0.046426646,6.21E-04,2.26884,0.0888183,0.039496098,0.034816116,3.1855364,1.6827493
373,2,18,MET+NMN+CR,5,1,D18_MET+NMN+CR_P5_1,1,0.62806356,0.00711006,754,0,30.16,0.102903089,0.044561844,6.49E-04,2.4033573,0.058330264,0.020824388,0.017329415,2.9866583,2.1404479
431,2,26,MET,2,2,D26_MET_P2_2,1,1.1056696,0.006676778,742,0,29.68,0.152260263,0.041080244,3.19E-04,1.567566,0.068230934,0.03725302,0.04752976,2.9687135,1.8490239
454,2,28,MET+NMN+CR,3,1,D28_MET+NMN+CR_P3_1,1,1.0037633,0.006666586,750,0,30,0.153765897,0.04486741,5.85E-04,1.8482126,0.0770349,0.03345878,0.036206633,3.0917993,1.7799524
394,2,18,NMN+CR,5,2,D18_NMN+CR_P5_2,1,0.6542623,0.006218382,742,0,29.68,0.088556891,0.047579348,4.45E-04,1.9041089,0.09298184,0.022043878,0.02315401,2.9690807,1.4332916
436,2,26,MET+NMN,1,2,D26_MET+NMN_P1_2,1,0.96526855,0.005916355,753,0,30.12,0.124049361,0.049462896,3.32E-04,1.9701189,0.05550185,0.03204743,0.032533497,3.2388124,1.7887238
354,2,18,MET+CR,3,2,D18_MET+CR_P3_2,1,0.6075196,0.00591349,753,0,30.12,0.098456698,0.033278648,0.001856481,1.3863977,0.122283004,0.020169973,0.029096952,3.1431363,2.1708808
280,2,15,MET+CR,5,1,D15_MET+CR_P5,1,0.4254406,0.005722833,744,0,29.76,0.05402026,0.023108546,4.13E-04,1.3592136,0.021939019,0.01429572,0.021035282,3.1736703,1.9020811
465,3,30,MET,2,1,D30_MET_P2,1,0.981773,0.005393784,747,0,29.88,0.134107831,0.037323024,3.30E-04,1.7219945,0.048735727,0.032857195,0.038161788,2.907125,1.8106701
332,1,18,CR,1,2,D18_CR_P1_2,1,0.72713804,0.005013831,742,0,29.68,0.112977775,0.03243523,4.60E-04,1.3478392,0.08165757,0.024499262,0.036353387,3.1582773,1.6975647
409,4,24,MET+NMN,4,1,D24_MET+NMN_P4_1,1,1.1480167,0.004951247,757,0,30.28,0.164658471,0.042893942,2.53E-04,2.06452,0.14292254,0.037913367,0.036728505,3.054216,1.8032951
484,3,34,MET+NMN+CR,5,1,D34_MET+NMN+CR_P5_1,1,0.70707,0.004748431,734,0,29.36,0.097162992,0.041492663,2.53E-04,1.8169324,0.1798608,0.024082765,0.026509257,3.086727,1.8719966
449,2,26,NMN+CR,4,1,D26_NMN+CR_P4,1,0.81623805,0.004642762,753,0,30.12,0.105802948,0.04274654,7.84E-04,1.646617,0.035533454,0.027099537,0.032915406,3.2595959,1.8416152
195,2,12,MET+CR,2,2,D12_MET+CR_P2_2,2,0.51626587,0.00446053,752,0,30.08,0.070756639,0.024533354,1.79E-04,1.1249244,0.04254833,0.017163094,0.03051422,3.1242926,1.7813171
376,3,18,NMN,1,2,D18_NMN_P1_2,1,0.94175696,0.004370781,758,0,30.32,0.120420335,0.048743572,5.62E-04,1.8522097,0.09956339,0.031060586,0.033538952,3.0600073,2.0341156
451,4,28,MET,1,1,D28_MET_P1,1,1.1107445,0.004012276,715,0,28.6,0.15644388,0.044640455,3.59E-04,1.9715569,0.028154554,0.03883722,0.039397515,3.1364336,1.8343517
472,4,30,NMN+CR,2,1,D30_NMN+CR_P2_1,1,0.8040992,0.003855541,752,0,30.08,0.145706488,0.04025271,2.40E-04,2.0483563,0.02029664,0.026732022,0.026100948,3.1467023,1.8445976
475,3,32,MET+NMN+CR,3,2,D32_MET+NMN+CR_P3_2,1,0.5896746,0.003596927,735,0,29.4,0.076915469,0.05290239,2.51E-04,1.9336838,0.03783,0.02005696,0.020744817,3.0574813,1.8827714
410,4,24,MET+NMN,4,2,D24_MET+NMN_P4_2,1,1.1202502,0.003491357,735,0,29.4,0.143984193,0.043449715,2.75E-04,1.9093219,0.023851624,0.038103748,0.039913386,3.13084,1.6694292
350,4,18,MET+CR,1,2,D18_MET+CR_P1_2,1,0.50071824,0.003475498,734,0,29.36,0.063940056,0.024115529,1.17E-04,1.0183429,0.011627064,0.017054435,0.033494487,3.3118355,1.6926296
482,3,34,MET+NMN+CR,3,1,D34_MET+NMN+CR_P3_1,1,0.6436279,0.003447185,756,0,30.24,0.082764612,0.04647648,2.26E-04,2.28434,0.16637273,0.021283992,0.018634697,3.1403446,1.8725244
181,1,12,MET,1,1,D12_MET_P1_1,1,0.5117748,0.003430697,743,0,29.72,0.072090572,0.031660624,5.37E-04,1.375771,0.065854155,0.017219879,0.02503306,3.068626,1.9597292
419,3,24,NMN,3,1,D24_NMN_P3,1,0.90189016,0.003350577,741,0,29.64,0.121838716,0.04416147,3.48E-04,1.8369561,0.05183097,0.030428143,0.033128873,3.0157485,1.8305404
320,3,15,NMN+CR,5,2,D15_NMN+CR_P5_2,1,0.6925638,0.003320818,750,0,30,0.121157069,0.039307512,4.06E-04,1.7894822,0.06537706,0.023085458,0.025801273,3.2226872,1.9911764
352,3,18,MET+CR,2,2,D18_MET+CR_P2_2,1,0.44851878,0.003251133,750,0,30,0.057677354,0.031349227,1.67E-04,1.2879955,0.015845025,0.014950627,0.02321534,3.0240474,1.9103332
330,3,18,Control,5,2,D18_Con_P5_2,1,0.60961276,0.003216101,736,0,29.44,0.071959972,0.06310082,4.78E-04,2.2851117,0.28070647,0.020706955,0.018123364,3.2510586,2.01913
466,4,30,MET+NMN+CR,3,1,D30_MET+NMN+CR_P3_1,1,1.0699872,0.003172875,744,0,29.76,0.134192582,0.037763324,2.60E-04,1.5455643,0.034049656,0.035953872,0.046525236,3.045876,1.7717813
415,2,24,MET+NMN+CR,5,1,D24_MET+NMN+CR_P5_1,1,0.8442315,0.00299808,743,0,29.72,0.113198312,0.041877124,7.76E-04,1.8451805,0.08031941,0.028406175,0.030789588,2.9540193,1.8997269
429,4,26,MET,1,2,D26_MET_P1_2,1,1.0342379,0.002937106,757,0,30.28,0.1247079,0.05102916,2.98E-04,2.3584945,0.1245554,0.03415581,0.028964074,2.9529235,1.9926548
399,3,24,MET,1,1,D24_MET_P1_1,1,0.82269424,0.002901379,738,0,29.52,0.12765954,0.044014078,2.40E-04,1.630626,0.026769768,0.027869048,0.034182023,3.0206847,1.7152677
492,4,38,MET+NMN+CR,3,1,D38_MET+NMN+CR_P3_1,1,0.8798066,0.002732888,757,0,30.28,0.121066289,0.043892045,1.84E-04,1.9083066,0.056707364,0.0290557,0.030451816,2.9315057,1.8471751
463,4,28,NMN+CR,4,1,D28_NMN+CR_P4,1,1.0904542,0.002693787,755,0,30.2,0.181760348,0.047889125,3.50E-04,1.7504852,0.0218885,0.036107756,0.041254565,3.009261,1.8409139
334,4,18,CR,2,2,D18_CR_P2_2,1,0.8998742,0.002637626,739,0,29.56,0.135011552,0.022111792,2.03E-04,1.0442138,0.03632181,0.030442294,0.058306634,2.7804525,1.7205224
468,4,30,MET+NMN+CR,5,1,D30_MET+NMN+CR_P5_1,1,0.901381,0.00250113,738,0,29.52,0.120951992,0.045038525,2.28E-04,1.8708996,0.111584745,0.030534588,0.03264161,3.1391835,1.7965876
452,3,28,MET,2,1,D28_MET_P2,1,0.9407382,0.002481589,759,0,30.36,0.118484744,0.04456813,2.51E-04,1.7756107,0.05292223,0.030986106,0.034901913,3.1552844,1.8271861
461,4,28,NMN+CR,2,1,D28_NMN+CR_P2_1,1,0.7785089,0.00242828,745,0,29.8,0.100997358,0.048879445,2.39E-04,1.7360146,0.010754264,0.02612446,0.030097052,3.0455244,1.9249822
371,4,18,MET+NMN+CR,4,1,D18_MET+NMN+CR_P4_1,1,0.568576,0.002416158,740,0,29.6,0.087361812,0.054670088,5.47E-04,2.1956954,0.010969214,0.019208647,0.017496642,3.357317,2.4182029
304,4,15,NMN,2,2,D15_NMN_P2_2,1,0.57019925,0.002324454,749,0,29.96,0.072074408,0.042958934,1.29E-04,2.0493243,0.012444278,0.019032018,0.018573944,3.1260858,1.7359716
464,4,30,CR,3,1,D30_CR_P3,1,1.0406957,0.00222151,756,0,30.24,0.143134478,0.032780927,2.20E-04,1.5187228,0.057702035,0.03441454,0.04532037,3.0415266,1.5950699
489,4,36,MET+NMN+CR,3,2,D36_MET+NMN+CR_P3_2,1,0.7404814,0.002153677,745,0,29.8,0.091069698,0.040023275,1.66E-04,1.5697747,0.028736403,0.024848368,0.031658515,3.0051634,1.926524
294,2,15,MET+NMN+CR,2,2,D15_MET+NMN+CR_P2_2,1,0.94307774,0.0021446,749,0,29.96,0.13764014,0.04003351,4.16E-04,1.9643469,0.055982172,0.031477895,0.03204922,2.9118366,1.933451
408,4,24,MET+NMN,2,1,D24_MET+NMN_P2,1,0.7771761,0.002112932,754,0,30.16,0.096654386,0.05170161,2.06E-04,1.86268,0.086731665,0.025768438,0.027668133,3.0268488,1.7488539
488,4,36,MET+NMN+CR,3,1,D36_MET+NMN+CR_P3_1,1,0.60776025,0.002064054,758,0,30.32,0.07705699,0.049331263,1.52E-04,2.0356252,0.054465692,0.020044863,0.01969406,3.2011514,1.9198132
443,3,26,NMN,3,1,D26_NMN_P3,1,1.0891782,0.001860719,747,0,29.88,0.159350806,0.037632897,3.10E-04,1.5020939,0.05544148,0.036451746,0.048534576,3.0846272,1.8117445
412,4,24,MET+NMN+CR,3,2,D24_MET+NMN+CR_P3_2,1,0.9849448,0.00181276,747,0,29.88,0.121180562,0.04905314,3.51E-04,2.291646,0.19727458,0.032963347,0.028768271,2.911647,2.022386
494,4,38,MET+NMN+CR,5,1,D38_MET+NMN+CR_P5,1,0.7648173,0.001801477,737,0,29.48,0.088944932,0.046610083,1.98E-04,1.9403129,0.03193168,0.0259436,0.026741667,2.9587128,1.6671112
486,4,34,NMN+CR,2,1,D34_NMN+CR_P2_1,1,0.5917061,0.001753938,737,0,29.48,0.078436878,0.04299756,1.24E-04,1.6845251,0.007412277,0.020071441,0.023830386,2.9093063,1.915708
479,4,32,NMN+CR,1,1,D32_NMN+CR_P1,1,0.66465884,0.001715999,752,0,30.08,0.095673662,0.0528045,1.78E-04,1.9650831,0.05093288,0.022096371,0.022488993,3.087146,1.8608401
362,2,18,MET+NMN,3,2,D18_MET+NMN_P3_2,1,0.5830075,0.001709162,749,0,29.96,0.073654111,0.0427053,1.65E-04,1.4629511,0.03718295,0.01945953,0.02660312,2.7462404,1.7042257
471,3,30,NMN+CR,1,1,D30_NMN+CR_P1,1,0.867285,0.001674674,745,0,29.8,0.110766408,0.04860128,3.24E-04,1.9524829,0.026736846,0.029103523,0.029811807,3.2091444,1.8627594
261,3,15,CR,5,2,D15_CR_P5_2,1,0.65220344,0.001660629,748,0,29.92,0.086571363,0.024551984,1.25E-04,1.3610431,0.009148035,0.021798244,0.032031674,2.8688278,2.2156441
336,3,18,CR,3,2,D18_CR_P3_2,1,0.6761496,0.001629244,756,0,30.24,0.094177935,0.027026555,1.58E-04,1.1518865,0.01959953,0.022359444,0.038822304,3.1042724,1.7596478
457,4,28,MET+NMN+CR,5,2,D28_MET+NMN+CR_P5_2,1,1.1530677,0.001531345,734,0,29.36,0.146474678,0.047187444,3.98E-04,2.485746,0.11588063,0.039273426,0.031598907,2.8928945,1.7991279
450,3,28,CR,3,1,D28_CR_P3,1,0.817256,0.001518844,742,0,29.68,0.129449996,0.031382136,2.03E-04,1.3303578,0.02194351,0.02753558,0.04139575,3.1368384,1.8430959
356,4,18,MET+CR,4,2,D18_MET+CR_P4_2,1,0.6170182,0.001511963,746,0,29.84,0.079673855,0.029642204,1.49E-04,1.2674254,0.011912295,0.020677555,0.032629225,3.0799084,1.9017104
274,4,15,MET+CR,2,1,D15_MET+CR_P2_1,1,0.6793399,0.001495457,752,0,30.08,0.091146637,0.018694503,1.10E-04,1.1037416,0.019461298,0.022584438,0.040923417,2.4886248,1.3043462
189,1,12,MET,4,2,D12_MET_P4_2,2,0.42377838,0.00148733,748,0,29.92,0.049585855,0.021869,1.28E-04,0.6545438,0.007286886,0.014163716,0.04327813,2.7236674,2.92624
491,4,36,MET+NMN+CR,5,2,D36_MET+NMN+CR_P5_2,1,0.676322,0.001299091,755,0,30.2,0.086399016,0.04656064,1.48E-04,1.8805948,0.028170697,0.022394767,0.023816684,3.058169,1.895462
254,3,15,CR,2,1,D15_CR_P2_1,1,0.6945933,0.001276189,736,0,29.44,0.114281941,0.030317048,1.85E-04,1.687104,0.015545243,0.023593523,0.027969258,3.1758842,1.9596825
414,4,24,MET+NMN+CR,4,2,D24_MET+NMN+CR_P4_2,1,0.9774388,0.001085296,752,0,30.08,0.135586655,0.04471941,2.68E-04,2.4564707,0.056000542,0.03249464,0.026456363,3.225925,1.8790778
490,4,36,MET+NMN+CR,5,1,D36_MET+NMN+CR_P5_1,1,0.81313217,0.001074972,753,0,30.12,0.091998756,0.03703425,1.93E-04,1.6362256,0.027517054,0.02699642,0.03299841,3.2116969,1.9480178
462,3,28,NMN+CR,2,2,D28_NMN+CR_P2_2,1,1.2959912,0.001046552,741,0,29.64,0.164485478,0.037258074,3.19E-04,1.7391177,0.05097236,0.0437244,0.050283425,3.0109577,1.7138616
426,4,26,Control,3,1,D26_Con_P3,1,1.3486236,0.001007058,755,0,30.2,0.171061198,0.04459581,4.52E-04,1.7199801,0.037756026,0.04465641,0.05192666,3.051206,1.7690271
275,4,15,MET+CR,2,2,D15_MET+CR_P2_2,1,0.47463307,8.32E-04,738,0,29.52,0.076120876,0.01944931,1.02E-04,1.2410065,0.008372281,0.016078357,0.0259118,3.2675083,1.6227772
459,3,28,NMN+CR,1,1,D28_NMN+CR_P1_1,1,0.8466384,7.37E-04,757,0,30.28,0.114215561,0.057574213,3.03E-04,2.333251,0.081266716,0.027960317,0.023966832,3.0259044,1.6582712
474,4,32,MET+NMN+CR,3,1,D32_MET+NMN+CR_P3_1,1,1.0441936,7.20E-04,740,0,29.6,0.174451922,0.041898027,2.20E-04,1.7297596,0.019355921,0.03527681,0.04078811,3.0314927,1.7077308
460,4,28,NMN+CR,1,2,D28_NMN+CR_P1_2,1,0.9038916,6.66E-04,737,0,29.48,0.118091668,0.04494304,2.30E-04,2.3029885,0.035281625,0.03066118,0.026627298,3.10586,1.5516977
333,4,18,CR,2,1,D18_CR_P2_1,1,0.47656175,5.88E-04,755,0,30.2,0.066013652,0.024885595,1.26E-04,1.0776577,0.008513638,0.01578019,0.02928609,3.7659974,1.8801616
481,4,32,NMN+CR,2,2,D32_NMN+CR_P2_2,1,0.6481708,4.83E-04,748,0,29.92,0.069070485,0.04820657,1.55E-04,1.9170676,0.09255481,0.021663463,0.022600625,2.9890745,1.9211061
478,4,32,NMN,5,1,D32_NMN_P5,1,0.6962635,4.71E-04,757,0,30.28,0.131717057,0.039924808,1.57E-04,1.5333121,0.031069037,0.02299417,0.029992813,3.0062282,1.8135929
349,4,18,MET+CR,1,1,D18_MET+CR_P1_1,1,0.79385704,4.40E-04,754,0,30.16,0.109702302,0.0339606,1.71E-04,1.4977055,0.018885054,0.02632152,0.035149124,3.2038145,1.8689364
445,3,26,NMN+CR,1,1,D26_NMN+CR_P1_1,1,0.87011194,3.82E-04,739,0,29.56,0.146439217,0.04651256,4.00E-04,1.6808546,0.017398369,0.02943545,0.035024386,2.95301,1.949249
487,4,34,NMN+CR,2,2,D34_NMN+CR_P2_2,1,0.84530026,3.13E-04,740,0,29.6,0.129035104,0.038236912,1.89E-04,1.7223265,0.09498011,0.02855744,0.033161473,2.921176,1.8544927
485,4,34,MET+NMN+CR,5,2,D34_MET+NMN+CR_P5_2,1,0.6305042,2.78E-04,748,0,29.92,0.0809566,0.046058286,1.58E-04,1.8732185,0.05638915,0.021073,0.022499245,3.0813773,1.8490523
476,4,32,MET+NMN+CR,5,1,D32_MET+NMN+CR_P5_1,1,0.705716,2.06E-04,755,0,30.2,0.106208969,0.04559155,1.66E-04,2.090457,0.056611635,0.023368081,0.02235691,3.0058239,1.832964
351,4,18,MET+CR,2,1,D18_MET+CR_P2_1,1,0.7192975,1.50E-04,740,0,29.6,0.096567284,0.024881896,1.36E-04,1.2168336,0.043479644,0.024300594,0.0399407,3.0650098,2.0618708
455,4,28,MET+NMN+CR,3,2,D28_MET+NMN+CR_P3_2,1,1.2412891,1.31E-04,744,0,29.76,0.170585455,0.0431802,3.05E-04,1.9269261,0.1295129,0.04170998,0.04329173,3.0409367,1.8743031
493,4,38,MET+NMN+CR,3,2,D38_MET+NMN+CR_P3_2,1,0.733404,1.23E-04,758,0,30.32,0.09340308,0.045993797,1.72E-04,1.8222922,0.122551695,0.024188785,0.026547648,2.965633,1.7661967
